id,x [nm],y [nm],sigma [nm],intensity [photon],uncertainty_xy [nm],x_px,y_px,sigma_px,mean_intensity,Outlier
2,7027.9579,13051.67202,87.72007,3231.737,14.662,122,222,2,0.07712418300653595,False
4,7022.78711,12686.26066,89.39806,1922.1126,13.91865,122,216,2,0.04531590413943355,False
5,7052.2284,13166.35075,83.6337,2334.51374,17.4891,123,224,1,0.12549019607843137,False
11,7211.49119,7394.37257,85.44605,2342.52297,11.783,125,126,1,0.09411764705882353,False
13,7344.98329,5427.47654,115.99628,3623.40019,9.65279,128,92,2,0.09281045751633987,False
14,7359.6301,5594.97521,110.97278,2838.7403,12.78593,128,95,2,0.11677559912854031,False
15,7189.00368,7437.0035,95.67388,2353.83131,11.18279,125,127,2,0.06928104575163398,False
18,7183.54441,12369.33087,75.58869,1292.24558,12.57407,125,211,1,0.047058823529411764,False
20,7293.10771,6360.86695,88.58683,1448.63935,12.44289,127,108,2,0.0457516339869281,False
21,7349.09597,8949.75381,88.73056,1673.96533,12.82129,128,152,2,0.07015250544662309,False
24,7444.44754,14675.54094,105.37771,6392.55148,9.52675,129,250,2,0.1224400871459695,False
27,7526.56982,4412.10087,91.64149,1214.12873,17.5645,131,75,2,0.07189542483660132,False
28,7414.25368,6578.19193,90.62974,2445.19021,9.52518,129,112,2,0.057516339869281036,False
29,7405.78705,13237.85418,88.32494,2544.22334,11.11038,129,226,2,0.07407407407407407,False
30,7630.39447,1305.27933,80.75871,1212.50048,14.32353,133,22,1,0.08627450980392157,False
32,7413.87925,7281.71077,83.85875,2594.24772,8.23938,129,124,1,0.09019607843137256,False
35,7498.49676,8134.695,109.17687,3396.99163,11.92768,130,139,2,0.13028322440087148,False
36,7510.54155,15951.24787,85.33546,2279.42688,11.22947,131,272,1,0.054901960784313725,False
37,7668.96879,1590.16048,84.12214,806.07659,20.83704,133,27,1,0.06666666666666667,False
39,7549.28765,5456.79137,157.41444,7378.87635,9.81943,131,93,3,0.10760784313725491,False
41,7745.81749,9980.44304,78.68185,1413.75456,12.44246,135,170,1,0.054901960784313725,False
42,7718.37634,10604.77893,110.51313,1714.47414,21.1323,134,181,2,0.03006535947712418,False
45,7701.95541,8670.60582,109.15402,3246.76445,10.73843,134,148,2,0.1281045751633987,False
46,7654.09297,10592.90417,80.29298,1089.00042,12.58338,133,180,1,0.043137254901960784,False
47,7739.38455,11180.86568,162.21789,7250.94761,10.76802,135,190,3,0.08643137254901961,False
49,7656.45371,15066.59686,114.26754,7772.31648,7.48411,133,257,2,0.1673202614379085,False
50,7766.13649,1189.94235,79.06153,2009.4767,12.17273,135,20,1,0.12941176470588234,False
51,7734.24328,5014.88382,116.16223,3882.81755,10.94461,135,85,2,0.11416122004357297,False
55,7819.03559,11478.63872,85.34433,3346.57924,8.62418,136,196,1,0.09411764705882353,False
56,7728.92202,15431.5675,77.42207,986.23801,18.3866,134,263,1,0.054901960784313725,False
59,7933.72725,7601.9366,87.36856,1978.62679,11.68932,138,130,2,0.056209150326797394,False
61,7870.93966,8780.60267,187.21673,9889.02143,10.47078,137,150,3,0.10086274509803922,False
62,7929.11528,2862.88709,96.8475,4063.19588,9.57614,138,49,2,0.1281045751633987,False
63,8005.20462,4272.41338,112.40745,5490.1497,6.09064,139,73,2,0.11633986928104573,False
64,7956.79074,4728.30724,181.91768,8618.40099,10.54762,138,81,3,0.09615686274509805,False
67,7962.8063,10787.4609,97.61564,3411.332,8.92452,138,184,2,0.10326797385620916,False
69,8061.00506,14495.75677,111.57273,2840.81708,11.59592,140,247,2,0.03747276688453159,False
70,7977.198,1872.24133,86.70696,2145.20027,10.19373,139,32,1,0.047058823529411764,False
72,8014.69675,13206.7482,82.20574,1914.19822,13.13313,139,225,1,0.06274509803921569,False
74,8046.70605,1278.39504,102.01488,2754.95903,13.14496,140,22,2,0.10108932461873638,False
77,7959.0576,11332.38047,91.21926,2073.66488,12.73812,138,193,2,0.06623093681917211,False
79,8185.86378,13803.10401,93.92695,2815.97119,10.54903,142,235,2,0.06928104575163399,False
84,8204.62933,15440.30484,75.61373,1743.90459,10.55942,143,263,1,0.027450980392156862,False
85,8160.49049,16059.08379,82.17784,1846.03006,10.94154,142,274,1,0.06666666666666667,False
86,8151.0359,16112.37825,93.14733,2300.31909,11.6846,142,274,2,0.05228758169934641,False
88,8237.66349,9714.5775,90.45868,1887.9263,13.45645,143,165,2,0.050980392156862744,False
90,8195.94604,13592.38345,87.24248,1784.71079,14.19194,143,232,2,0.046623093681917215,False
91,8196.92409,14783.32993,83.286,938.85672,15.64421,143,252,1,0.047058823529411764,False
92,8249.81964,635.28185,122.70606,5190.69076,8.38289,143,11,2,0.11372549019607842,False
97,8305.39958,3466.73899,98.07237,3647.30573,10.03028,144,59,2,0.16949891067538125,False
98,8401.84198,7955.0926,89.12596,3583.27949,9.50734,146,136,2,0.0766884531590414,False
99,8330.04287,9477.0132,88.21696,1458.06268,13.6,145,161,2,0.03572984749455337,False
102,8388.14304,209.03678,85.14204,2713.23998,8.19005,146,4,1,0.054901960784313725,False
104,8381.06356,7167.55198,80.68588,2252.75294,11.92437,146,122,1,0.054901960784313725,False
105,8381.14386,8913.25113,78.55682,2153.62094,8.0648,146,152,1,0.06274509803921569,False
106,8429.03707,11868.14524,99.9387,3217.67292,12.32726,147,202,2,0.06013071895424836,False
107,8296.94418,13904.8207,151.50841,3204.95446,22.98983,144,237,3,0.07200000000000001,False
108,8385.6142,17676.8637,121.40433,7768.43878,6.0541,146,301,2,0.05664488017429194,False
109,8327.81308,2234.03161,96.49864,2158.21669,16.37815,145,38,2,0.08932461873638345,False
110,8462.7438,3783.61575,137.47534,6848.32017,8.49514,147,64,2,0.10980392156862746,False
111,8388.95494,7675.75778,102.66214,4696.50557,8.56018,146,131,2,0.12374727668845314,False
112,8343.60794,13752.12281,100.2674,2306.78037,11.6621,145,234,2,0.06274509803921569,False
113,8529.71801,16339.98938,86.6264,2418.68802,13.09203,148,278,1,0.043137254901960784,False
114,8501.03891,16922.13798,98.84626,2659.45886,13.02831,148,288,2,0.08801742919389978,False
115,8533.56201,18260.23165,91.60414,3053.60333,10.29125,148,311,2,0.08278867102396513,False
116,8528.04535,19397.05524,98.2387,3655.09206,8.20935,148,330,2,0.18082788671023964,False
117,8468.84038,20192.49555,93.5945,5665.69944,6.25654,147,344,2,0.0962962962962963,False
118,8496.77807,2942.9125,81.98808,2554.59124,7.85232,148,50,1,0.054901960784313725,False
119,8549.23905,4271.56671,115.14526,3063.61999,13.67636,149,73,2,0.08148148148148147,False
121,8594.87517,4444.39114,99.68766,3756.40919,11.67726,149,76,2,0.08322440087145969,False
126,8609.53216,16502.38921,78.2733,2108.58764,14.86931,150,281,1,0.023529411764705882,False
129,8596.84414,10449.67208,77.5677,2494.42996,10.21373,150,178,1,0.043137254901960784,False
132,8620.7216,18418.41975,95.17947,3284.3599,8.67277,150,314,2,0.0727668845315904,False
133,8610.92907,19267.06256,106.28419,6253.02464,9.05464,150,328,2,0.065359477124183,False
134,8720.70273,400.8453,91.14061,1360.80853,13.12872,152,7,2,0.06274509803921569,False
136,8639.11176,11734.62153,104.68283,2364.49626,14.08186,150,200,2,0.05925925925925926,False
138,8718.71502,16020.19221,80.12789,1224.3419,16.28883,152,273,1,0.00784313725490196,False
139,8649.63518,3808.78978,89.74538,3238.2134,11.19312,150,65,2,0.13943355119825707,False
140,8695.23396,14440.76841,99.99502,4070.99225,8.08304,151,246,2,0.08366013071895426,False
141,8694.56119,17644.33297,76.3304,2604.95021,8.7786,151,301,1,0.08627450980392157,False
142,8691.97022,17811.96793,145.70554,6114.79438,11.13545,151,303,3,0.08705882352941177,False
143,8881.08427,812.57006,76.81167,2095.06036,10.06166,154,14,1,0.09019607843137256,False
144,8765.44824,1441.49523,89.04751,3493.27489,8.55193,152,25,2,0.11546840958605663,False
145,8946.17723,2358.58373,77.24025,1698.05342,11.70474,156,40,1,0.14901960784313725,False
146,8736.03596,5601.95817,91.51979,1406.79523,13.94593,152,95,2,0.03965141612200436,False
147,8825.57567,14752.12383,103.453,2629.06447,14.64915,153,251,2,0.08017429193899782,False
148,8755.79653,16906.66598,97.79175,3727.70215,9.69209,152,288,2,0.06405228758169935,False
149,8710.82844,19357.24543,104.33794,5811.85134,8.27176,151,330,2,0.09019607843137253,False
150,8827.39933,7074.72543,83.3372,1961.88563,11.37949,154,121,1,0.0784313725490196,False
151,8859.61191,14750.8449,118.77069,5795.87751,9.31492,154,251,2,0.06579520697167757,False
153,8956.94451,2029.38035,93.87361,5947.96902,9.64026,156,35,2,0.09193899782135076,False
155,8885.3138,10226.08585,106.00188,2880.5969,10.58392,155,174,2,0.044880174291938996,False
158,8914.719,15433.23561,86.68073,1540.5014,16.2679,155,263,1,0.050980392156862744,False
159,8927.17053,20239.04299,85.49884,1430.49269,13.76684,155,345,1,0.03529411764705882,False
160,8982.01846,3034.67831,184.94225,4729.20506,17.79165,156,52,3,0.05772549019607842,False
164,9101.85566,16005.85816,98.99507,1894.27767,12.63349,158,273,2,0.05969498910675381,False
165,8951.73853,18631.48858,80.51234,2658.34203,11.05097,156,317,1,0.12549019607843137,False
166,9018.96392,20564.69668,98.64576,2325.36951,14.71708,157,350,2,0.06884531590413942,False
167,9085.15413,20972.47176,116.79641,3539.63667,13.4916,158,357,2,0.06361655773420478,False
171,9135.52394,7646.60878,100.44137,3776.1455,10.28096,159,130,2,0.12287581699346406,False
172,9112.72093,10881.33239,86.09031,2617.71058,11.49551,158,185,1,0.14509803921568626,False
174,9015.23959,742.02373,89.25745,1890.16165,14.96509,157,13,2,0.0954248366013072,False
175,8956.1101,2245.579,98.58429,3419.00413,11.56546,156,38,2,0.1037037037037037,False
176,9131.63065,11618.45841,96.40751,3483.76274,9.25016,159,198,2,0.07407407407407407,False
177,9094.93302,13358.72183,104.04468,4087.31748,9.78611,158,228,2,0.09542483660130718,False
178,9109.18026,17050.75687,85.88939,3240.49665,9.48766,158,290,1,0.03137254901960784,False
179,8976.84297,18859.24114,101.45332,2312.0063,12.95452,156,321,2,0.06318082788671024,False
180,9142.51971,19744.48678,125.09827,4223.87784,10.49777,159,336,2,0.05185185185185184,False
181,9121.79627,21958.82851,86.96312,1575.10948,14.23937,159,374,1,0.14901960784313725,False
182,9144.34727,8177.90484,84.73372,4084.3474,7.51372,159,139,1,0.13333333333333333,False
183,9164.12026,9238.96872,94.12975,3152.60352,9.94931,159,157,2,0.1259259259259259,False
184,9192.65894,13215.60408,92.50855,2254.27245,12.58365,160,225,2,0.057516339869281036,False
187,9112.46782,16011.60437,93.49084,1807.68675,14.44977,158,273,2,0.05969498910675381,False
188,9102.3593,19837.75572,85.11418,1923.79542,12.19507,158,338,1,0.10196078431372549,False
190,9175.36697,1827.25171,138.72328,11191.74882,6.49856,160,31,2,0.1616557734204793,False
193,9137.49459,18407.3931,109.18758,4050.45212,12.55071,159,314,2,0.05664488017429194,False
194,9121.86603,20496.14826,103.60674,2778.00688,13.83995,159,349,2,0.032244008714596956,False
195,9138.6553,21054.37406,84.24322,2094.47628,9.56222,159,359,1,0.10196078431372549,False
196,9284.08445,1638.34513,150.23679,6240.3632,10.87702,161,28,3,0.1375686274509804,False
197,9206.43444,7414.85605,104.23648,6228.49468,7.10473,160,126,2,0.13115468409586054,False
198,9268.83031,8872.669,161.12182,21478.32802,4.06584,161,151,3,0.2539607843137255,True
199,9317.37585,15020.69629,143.99366,7003.56583,10.90454,162,256,2,0.0832244008714597,False
200,9228.77402,16194.41192,81.50824,1996.5732,10.26822,161,276,1,0.011764705882352941,False
201,9328.58801,21711.27398,129.74957,6060.42275,9.46966,162,370,2,0.09978213507625272,False
204,9287.31401,10925.89321,95.74186,5116.74482,8.66476,162,186,2,0.0923747276688453,False
205,9443.54389,12035.36539,83.02349,2595.15321,9.66016,164,205,1,0.10196078431372549,False
206,9383.22913,15210.63165,165.82182,10352.10374,9.52954,163,259,3,0.10305882352941177,False
207,9418.14234,21514.79307,117.27704,3386.45155,12.55929,164,367,2,0.11459694989106753,False
208,9384.11703,6622.79063,83.77146,2706.16693,8.63363,163,113,1,0.054901960784313725,False
216,9410.79065,7932.62213,75.37274,1701.2995,13.13228,164,135,1,0.1411764705882353,False
217,9391.43023,15275.97272,116.28293,6623.29256,9.79777,163,260,2,0.12374727668845316,False
218,9367.42708,17279.89402,77.65383,1859.74076,13.11038,163,294,1,0.0,False
219,9426.70338,18029.7689,90.29661,1583.83893,17.01508,164,307,2,0.03093681917211329,False
220,9554.47462,2722.98217,76.3718,2404.10645,7.523,166,46,1,0.0980392156862745,False
222,9458.21457,11879.19824,84.36564,2024.07989,12.63617,164,202,1,0.07058823529411765,False
224,9482.54774,21679.84607,148.45811,7675.52356,7.98524,165,369,3,0.10886274509803923,False
225,9666.32323,22657.17637,105.81484,2964.62201,10.33245,168,386,2,0.13376906318082787,False
226,9492.5924,6645.71726,111.1279,3421.55375,12.67047,165,113,2,0.062309368191721136,False
227,9627.67505,10256.00628,89.77127,1722.94732,12.97926,167,175,2,0.0766884531590414,False
228,9544.1799,11258.226,104.58855,4249.459,9.32349,166,192,2,0.08888888888888888,False
229,9502.05529,11996.01403,89.31933,3303.15812,9.62007,165,204,2,0.05925925925925926,False
230,9397.41182,15247.13133,200.95125,14330.49234,8.9199,163,260,3,0.11733333333333333,False
232,9542.50938,18737.72469,80.75713,1684.42754,12.61668,166,319,1,0.10196078431372549,False
233,9638.60754,1674.11528,124.67311,10446.03079,4.53844,168,29,2,0.16122004357298472,False
236,9579.29445,10079.97836,82.97631,1865.02877,12.58937,167,172,1,0.09411764705882353,False
237,9717.68161,19943.52534,89.95502,1253.60937,18.8627,169,340,2,0.021350762527233114,False
239,9714.15829,22679.52178,108.97336,3362.15094,11.9496,169,386,2,0.14335511982570803,False
240,9599.06201,504.90302,96.21591,2434.7813,12.87128,167,9,2,0.07930283224400872,False
243,9712.37754,2800.97097,97.6605,2864.02605,11.79895,169,48,2,0.0701525054466231,False
245,9667.28402,10128.89105,81.66694,1827.2648,11.34172,168,173,1,0.10196078431372549,False
246,9762.36665,10880.93333,94.59605,3365.14417,11.067,170,185,2,0.114161220043573,False
248,9801.34942,20801.63747,131.81972,3475.35491,14.60917,170,354,2,0.09803921568627451,False
251,9745.49101,15779.00025,92.08879,1900.73126,14.26363,169,269,2,0.07320261437908497,False
252,9834.27058,16892.76138,100.29017,4177.46822,9.85513,171,288,2,0.11067538126361655,False
254,9841.25558,1493.38745,116.60189,5987.83743,7.96915,171,25,2,0.11808278867102397,False
255,9847.05663,4383.16296,123.6476,6085.83224,8.52202,171,75,2,0.11938997821350762,False
257,9878.40942,7096.95396,78.04262,1816.20979,10.1568,172,121,1,0.047058823529411764,False
259,9842.85374,16736.60948,112.20492,3803.18503,12.49036,171,285,2,0.04705882352941176,False
260,9838.85424,21406.01415,102.17876,5879.85935,8.18792,171,365,2,0.07276688453159043,False
261,9876.0754,22512.49886,104.86329,3004.23356,10.20173,172,384,2,0.07363834422657951,False
263,9985.98369,8867.55906,133.89836,6482.31633,7.70306,174,151,2,0.11982570806100218,False
264,9911.30943,10931.2907,98.63707,4253.04585,12.7642,172,186,2,0.13943355119825707,False
265,9825.04843,18547.1206,95.46529,3650.86146,10.25661,171,316,2,0.0766884531590414,False
266,9904.89801,3432.55264,78.26624,2539.26247,9.31447,172,58,1,0.13333333333333333,False
268,10086.75906,13961.64837,94.74291,4704.82615,9.89402,175,238,2,0.1503267973856209,False
269,9869.50987,20724.54926,109.88107,3988.29188,10.87424,172,353,2,0.05446623093681917,False
271,10066.29214,10936.50498,106.03448,5455.83972,11.24567,175,186,2,0.12418300653594772,False
272,10078.42707,12670.8937,81.73845,1771.56217,11.12901,175,216,1,0.09411764705882353,False
273,9983.78187,22949.29662,114.03643,4031.57493,12.18715,174,391,2,0.12505446623093683,False
278,10045.654,9536.63555,155.13093,15763.20866,7.45151,175,162,3,0.17725490196078433,False
279,10022.036,12079.35506,83.45173,3223.01992,9.1134,174,206,1,0.07058823529411765,False
280,10102.94004,13893.76993,131.77637,8457.16415,9.70989,176,237,2,0.06666666666666667,False
281,10075.4992,15858.79758,83.54284,2674.75354,9.49622,175,270,1,0.011764705882352941,False
283,9985.65923,1546.78228,188.60795,8612.77154,10.16242,174,26,3,0.07890196078431372,False
284,10055.788,6601.52315,91.76159,3163.76566,8.71797,175,112,2,0.09455337690631808,False
286,10093.90415,8884.96981,189.06684,9525.43292,10.28972,176,151,3,0.1003921568627451,False
287,10113.66535,10954.92841,118.05243,6861.40283,10.49104,176,187,2,0.15555555555555556,False
288,10092.31198,12501.84254,93.4534,4807.28203,7.10803,176,213,2,0.09237472766884532,False
289,10135.12119,13574.77449,103.60195,2585.90949,16.69682,176,231,2,0.09673202614379085,False
290,10149.08452,14485.21342,91.80345,4267.38207,9.2822,177,247,2,0.0915032679738562,False
291,10111.98724,19305.7448,81.48952,1180.67408,13.66363,176,329,1,0.14901960784313725,False
292,10181.87943,4281.5623,126.89835,5027.27962,10.56642,177,73,2,0.10762527233115467,False
293,10285.991,4722.8709,78.4672,2215.84113,11.27867,179,80,1,0.10588235294117646,False
294,10095.06019,16762.79034,85.06698,2758.83246,14.28696,176,286,1,0.1411764705882353,False
295,10235.07081,18449.9212,81.80467,2040.64377,13.23363,178,314,1,0.01568627450980392,False
296,10239.01716,19154.38665,92.99331,2352.69929,10.90547,178,326,2,0.058823529411764705,False
298,10326.40378,20961.22754,95.51986,3809.25074,12.78597,180,357,2,0.10631808278867103,False
299,10185.01804,4284.06296,115.18562,4656.34094,10.43862,177,73,2,0.10762527233115467,False
300,10266.56354,13173.30081,101.74512,3538.18335,10.30101,179,224,2,0.03616557734204793,False
302,10276.93629,15995.6009,99.45022,3264.89601,12.91403,179,272,2,0.04749455337690631,False
303,10151.20357,21569.747,108.10277,4843.55571,11.08587,177,367,2,0.08671023965141612,False
304,10328.15974,21942.86796,97.39047,4433.43507,9.58314,180,374,2,0.03877995642701525,False
305,10228.3742,23355.75327,78.58987,1160.23381,13.22386,178,398,1,0.0,False
306,10174.84947,10882.29449,109.34126,5383.07832,12.07761,177,185,2,0.12113289760348583,False
309,10275.0853,22760.70834,91.4638,5760.24637,7.40673,179,388,2,0.052723311546840956,False
310,10393.33497,854.49001,102.79842,3440.14123,10.43016,181,15,2,0.07973856209150326,False
311,10394.77509,1085.46368,99.70305,2516.73869,10.66885,181,18,2,0.07015250544662309,False
312,10358.53349,1920.63028,75.57429,1906.29889,9.88447,180,33,1,0.054901960784313725,False
314,10327.97862,7087.05427,105.07812,2151.21861,18.06199,180,121,2,0.08888888888888888,False
315,10272.7411,8718.66647,78.61263,1691.00542,12.6574,179,149,1,0.027450980392156862,False
316,10291.34424,9332.8048,84.42821,3005.22975,10.7408,179,159,1,0.09411764705882353,False
317,10289.19701,10055.14606,92.54625,3551.75345,9.81897,179,171,2,0.0989106753812636,False
318,10362.2497,2907.95157,117.86075,5493.39292,9.8413,180,50,2,0.11328976034858387,False
320,10444.28216,11687.5963,100.71607,3374.09518,8.58403,182,199,2,0.048366013071895426,False
321,10565.3788,15481.13445,85.17651,1220.99063,15.32077,184,264,1,0.08627450980392157,False
322,10476.77708,17226.72591,89.07335,1715.4554,16.49349,182,293,2,0.058823529411764705,False
323,10404.74355,22198.19878,104.54694,2998.58347,12.58514,181,378,2,0.1045751633986928,False
324,10433.76352,267.98067,89.41561,2161.2997,12.90049,181,5,2,0.08714596949891068,False
325,10584.14584,5244.92029,96.64177,2499.15761,13.49789,184,89,2,0.09193899782135076,False
326,10500.93659,18402.2416,98.43234,4253.07861,8.39869,183,313,2,0.0906318082788671,False
327,10458.14344,20847.55985,162.68155,7615.81158,11.61169,182,355,3,0.08486274509803922,False
328,10478.82438,2463.31417,134.9215,6928.07814,8.85817,182,42,2,0.1450980392156863,False
329,10509.36603,3096.97992,93.94816,3256.70314,9.35149,183,53,2,0.06884531590413943,False
330,10625.39077,7696.5041,99.02687,3742.71945,11.71593,185,131,2,0.08453159041394337,False
331,10595.53646,8157.41176,83.5427,2159.8003,10.80142,184,139,1,0.06666666666666667,False
334,10620.75171,4658.59339,156.50269,8170.98926,8.96351,185,79,3,0.11811764705882352,False
335,10632.28755,4650.38644,183.30461,8256.67523,13.02494,185,79,3,0.11811764705882352,False
337,10595.98666,14828.43235,85.9637,2474.81606,9.9666,184,253,1,0.0392156862745098,False
338,10501.00152,20807.90291,124.59964,3069.99237,19.08325,183,354,2,0.08583877995642702,False
339,10713.89748,21535.35495,115.68462,1437.13358,35.64284,186,367,2,0.05577342047930283,False
342,10659.20427,6452.15442,97.44527,4953.73672,8.77347,185,110,2,0.14553376906318086,False
343,10675.7308,7052.85448,96.66515,4970.42223,4.89908,186,120,2,0.0775599128540305,False
346,10680.25041,15495.00567,84.60462,2082.7447,11.14166,186,264,1,0.03529411764705882,False
349,10746.64346,5357.24634,81.90422,2060.16736,14.44309,187,91,1,0.058823529411764705,False
350,10762.05959,8819.08007,112.52938,3370.50119,11.96498,187,150,2,0.04183006535947712,False
354,10742.3208,17728.40715,91.5846,2746.80787,10.34223,187,302,2,0.021350762527233117,False
355,10672.725,17943.17145,78.49841,1604.01113,12.70718,186,306,1,0.08235294117647059,False
358,10725.29215,5797.56447,78.12461,2464.74838,9.6175,187,99,1,0.03137254901960784,False
360,10757.28539,12653.10453,135.79941,7536.20669,7.71659,187,216,2,0.09586056644880174,False
362,10733.02064,16584.50897,103.38811,3722.86676,10.28055,187,283,2,0.12374727668845316,False
363,10849.58328,17172.54402,118.97905,4072.58742,12.94435,189,293,2,0.04836601307189542,False
364,10688.86898,21888.63685,91.08061,1542.8285,21.27069,186,373,2,0.04313725490196078,False
365,10833.5896,22307.64179,115.01632,5300.42819,10.17653,188,380,2,0.12418300653594772,False
369,10741.35125,4749.64296,114.20223,5230.84836,12.34042,187,81,2,0.09368191721132897,False
370,10758.12093,6225.87985,186.08405,17215.4205,7.1012,187,106,3,0.16752941176470584,False
371,10769.04806,8859.96686,78.35299,1947.76831,11.81716,187,151,1,0.06666666666666667,False
372,10782.37998,16466.48151,92.6897,4359.66858,8.2623,188,281,2,0.07450980392156864,False
373,10908.02202,19247.09622,98.67692,2502.61655,14.3363,190,328,2,0.05185185185185184,False
376,10918.83925,4377.47373,103.47974,4096.55079,9.76509,190,75,2,0.13028322440087148,False
377,10993.45397,13659.27381,97.36662,1941.5084,18.25915,191,233,2,0.13115468409586056,False
378,10956.79636,22694.59475,77.4186,1588.22533,13.905,191,387,1,0.16862745098039217,False
382,10974.88953,3016.95564,86.32885,2086.37146,13.35086,191,51,1,0.03529411764705882,False
383,10908.55958,7819.60649,101.91765,2635.67059,12.14262,190,133,2,0.06492374727668844,False
384,10945.07432,15001.4072,75.99198,1625.02751,9.86169,190,256,1,0.01568627450980392,False
386,10925.14042,18342.73053,82.84801,3296.50704,8.62743,190,312,1,0.00392156862745098,False
387,10864.394,19305.86152,95.94375,2338.72195,12.54994,189,329,2,0.06666666666666665,False
389,10980.73586,7191.0884,76.71539,2084.98109,9.53387,191,123,1,0.058823529411764705,False
390,11055.71246,10007.99185,117.711,3934.16244,13.10262,192,170,2,0.07712418300653595,False
392,11067.32337,21076.40113,82.6863,3765.18507,9.26814,192,359,1,0.058823529411764705,False
393,10987.82821,22161.73578,111.74659,4590.15216,11.23779,191,378,2,0.0793028322440087,False
394,11042.05064,1936.4207,81.97012,1187.13354,13.58094,192,33,1,0.054901960784313725,False
396,11006.34983,4399.39869,75.41499,2769.65042,10.04445,191,75,1,0.12549019607843137,False
397,11127.17811,10350.02244,89.87502,3169.51243,13.64453,194,176,2,0.04313725490196078,False
399,11177.05288,14362.82551,116.85133,4827.7984,13.08849,194,245,2,0.15250544662309368,False
402,11020.22302,22419.4551,185.21562,9640.52702,11.30193,192,382,3,0.09254901960784313,False
403,11127.05471,23300.88315,110.93254,3998.68224,9.74027,194,397,2,0.06666666666666667,False
404,11199.91876,2597.4703,88.01849,2125.48512,14.52133,195,44,2,0.0801742919389978,False
405,11246.00819,3531.20314,94.99082,3062.26487,9.83567,196,60,2,0.08583877995642701,False
406,11090.02371,8909.16217,76.66045,1097.40732,17.07848,193,152,1,0.03137254901960784,False
407,11189.46218,13650.82818,113.71796,5252.95656,8.87805,195,233,2,0.1328976034858388,False
410,11010.70995,22272.25698,112.74715,5105.23217,11.39103,191,379,2,0.07799564270152506,False
411,11138.21096,23266.97003,92.22421,3037.65829,10.02295,194,396,2,0.05969498910675381,False
413,11264.95443,5498.39749,93.95259,2273.12538,12.0017,196,94,2,0.05098039215686275,False
416,11380.97683,4959.629,111.58155,4375.22369,9.87933,198,84,2,0.11721132897603487,False
417,11169.03518,14232.24939,102.05299,4765.32291,12.07079,194,242,2,0.11982570806100218,False
418,11266.26157,15245.69365,83.23959,1652.31379,11.17073,196,260,1,0.047058823529411764,False
419,11270.25512,18805.90153,93.35042,4172.06655,7.7363,196,320,2,0.0392156862745098,False
420,11295.47502,20306.13951,202.85896,6802.42011,13.1131,196,346,3,0.05286274509803921,False
421,11190.47396,667.24343,87.99057,1102.26828,14.63386,195,11,2,0.042265795206971685,False
422,11265.05256,2633.57212,83.76409,2129.55195,10.82835,196,45,1,0.10980392156862745,False
423,11276.13272,3474.86785,104.98824,2157.85802,13.49645,196,59,2,0.09498910675381264,False
424,11314.07257,4483.14339,88.0568,2323.5607,13.37077,197,76,2,0.048366013071895426,False
427,11288.29488,19409.36982,90.83782,2434.53609,14.64912,196,331,2,0.10544662309368193,False
428,11343.13199,24453.34872,138.75292,12960.19851,4.71553,197,417,2,0.19564270152505447,True
430,11418.76931,6745.86201,141.3875,7187.69803,10.92324,199,115,2,0.13115468409586054,False
431,11322.20216,7884.0621,76.40459,2627.58874,11.62361,197,134,1,0.06274509803921569,False
433,11291.42149,14856.10646,93.6307,1779.7516,17.97459,196,253,2,0.03877995642701525,False
434,11366.48123,16889.63564,99.65,5931.11892,6.00593,198,288,2,0.09716775599128541,False
439,11414.15206,4101.3289,149.19781,6917.17148,10.14969,199,70,3,0.07215686274509804,False
440,11413.94857,8415.74528,97.21841,4243.54069,7.89945,199,143,2,0.03355119825708061,False
441,11437.08964,9212.71057,105.79179,5314.38734,7.80617,199,157,2,0.14335511982570806,False
442,11359.44788,13642.7274,112.48373,5280.20719,8.51107,198,232,2,0.05010893246187364,False
443,11442.14192,16181.61987,98.78148,4032.15447,9.38844,199,276,2,0.05098039215686275,False
445,11373.78818,23787.93025,76.12796,1545.19324,11.83619,198,405,1,0.027450980392156862,False
447,11425.26216,4984.24332,160.60287,5167.15219,17.76951,199,85,3,0.10556862745098039,False
452,11502.27805,2634.81947,87.92482,886.20067,25.81045,200,45,2,0.03006535947712418,False
453,11412.28698,4126.98171,96.77573,3867.56109,9.95364,198,70,2,0.10675381263616558,False
454,11503.05472,5085.49965,110.75852,4174.52821,9.72493,200,87,2,0.10239651416122003,False
456,11519.28469,8092.29681,81.94707,3452.65006,9.43474,200,138,1,0.07058823529411765,False
457,11583.76904,8607.81043,76.07468,1719.82986,11.98609,201,147,1,0.08627450980392157,False
458,11503.62286,9855.78193,91.0911,5732.50552,9.11094,200,168,2,0.1638344226579521,False
460,11463.89128,19343.57261,89.00252,3588.0444,9.13493,199,330,2,0.0710239651416122,False
461,11451.87363,20508.01332,114.87857,3174.71327,15.75329,199,349,2,0.0701525054466231,False
462,11530.1594,6626.99894,146.15704,5677.45928,12.77639,201,113,3,0.10478431372549019,False
463,11550.7828,6771.20096,102.79557,3554.4615,14.02635,201,115,2,0.1381263616557734,False
464,11527.07882,15163.3694,85.01238,1692.7828,14.30874,200,258,1,0.0980392156862745,False
465,11529.39334,15344.73454,97.12764,1520.4219,18.26262,201,261,2,0.04749455337690632,False
467,11541.99021,24364.66888,151.48845,8655.87901,8.24606,201,415,3,0.13176470588235292,False
468,11663.46225,21274.47323,94.52697,2521.22637,12.05807,203,362,2,0.011328976034858388,False
469,11624.56102,21983.85927,112.98746,2895.63531,10.63109,202,375,2,0.07799564270152505,False
472,11624.94382,6395.49392,92.39305,2387.48593,9.68128,202,109,2,0.061002178649237467,False
473,11623.9339,6732.70588,82.35458,3409.67776,9.65987,202,115,1,0.12156862745098039,False
475,11754.77561,22464.0652,116.56055,6658.87678,8.35935,204,383,2,0.07276688453159041,False
476,11614.93706,24399.59464,165.30335,12815.94674,7.26124,202,416,3,0.11200000000000002,False
479,11698.40404,23196.51402,125.54665,3006.13255,20.37781,203,395,2,0.062309368191721136,False
480,11979.4089,8197.74378,98.62118,2645.80783,14.3017,208,140,2,0.17777777777777776,False
482,11824.54213,13683.00736,96.34539,3206.46614,11.02597,206,233,2,0.05577342047930283,False
483,11852.61578,19937.16356,86.77802,3086.96034,11.51969,206,340,1,0.050980392156862744,False
484,11906.17692,20334.23186,129.6083,4055.9206,13.0622,207,346,2,0.11546840958605666,False
486,11913.41124,2701.91369,78.65683,1779.17932,8.86086,207,46,1,0.06274509803921569,False
488,11810.47609,5259.2744,88.35986,2152.74847,9.83027,205,90,2,0.06405228758169935,False
491,11831.72983,21918.22149,93.8957,2703.18456,14.39638,206,373,2,0.010021786492374727,False
495,11996.50019,16468.3164,86.21675,4210.80109,8.38344,209,281,1,0.13333333333333333,False
497,12016.43189,8832.08314,89.22678,3448.89034,7.61581,209,150,2,0.05185185185185184,False
498,12000.42083,15935.58755,102.11465,4596.18189,10.12768,209,271,2,0.03355119825708061,False
499,12016.3112,17661.46268,124.10951,42022.06737,2.04052,209,301,2,0.3773420479302832,True
500,12126.47667,19142.25735,77.64311,1032.2356,16.86365,211,326,1,0.08235294117647059,False
503,12012.17829,18299.16128,140.61365,6916.91999,11.07125,209,312,2,0.10326797385620914,False
506,12134.39283,8076.18968,133.17043,6647.15923,9.98795,211,138,2,0.11938997821350762,False
507,12124.62951,8130.49418,142.43274,7634.10017,10.79822,211,139,2,0.10806100217864924,False
508,12106.92916,9424.88032,89.28563,3306.57616,9.4475,211,161,2,0.05620915032679738,False
509,12112.54626,14058.40979,97.80283,6752.41176,6.61754,211,239,2,0.10762527233115468,False
510,12063.22619,21974.33623,80.7809,2106.17855,11.84854,210,374,1,0.027450980392156862,False
512,12222.38794,7083.74762,103.12415,2686.75004,12.46594,213,121,2,0.05882352941176469,False
514,12142.05988,13894.86305,137.62119,7849.66417,9.0501,211,237,2,0.1028322440087146,False
515,12164.76296,15529.93095,83.68333,2888.47819,9.91816,212,265,1,0.043137254901960784,False
516,12070.0423,20228.46267,109.99204,5117.9843,11.15572,210,345,2,0.10021786492374728,False
517,12166.36535,20788.1888,139.31999,8383.47046,7.05549,212,354,2,0.04923747276688453,False
520,12289.46226,10459.93344,96.92562,1882.82042,12.75767,214,178,2,0.04095860566448802,False
521,12232.73582,14398.93875,92.74449,3381.65164,11.26527,213,245,2,0.0196078431372549,False
523,12199.71713,23817.83425,94.02696,2615.96216,13.34803,212,406,2,0.04226579520697168,False
526,12306.85675,5896.51891,100.26826,3529.54352,9.18631,214,100,2,0.0644880174291939,False
527,12361.70351,21422.93211,112.29231,4124.92696,12.79504,215,365,2,0.05228758169934641,False
532,12284.71898,7145.24447,101.66584,3531.77177,13.1338,214,122,2,0.06492374727668844,False
533,12254.9437,7987.54851,100.76003,4100.72392,10.73752,213,136,2,0.11677559912854031,False
534,12298.94723,21247.29331,108.65446,3730.47711,11.83316,214,362,2,0.04531590413943355,False
535,12347.75104,3132.78504,97.11991,2330.51311,12.2393,215,53,2,0.06318082788671026,False
537,12426.53946,10556.80572,108.24521,1838.48041,15.14082,216,180,2,0.06100217864923748,False
538,12319.02624,20826.38919,97.52823,4146.63548,9.36396,214,355,2,0.03616557734204793,False
539,12346.16342,22186.15562,87.67296,1614.18018,13.79639,215,378,2,0.02178649237472767,False
540,12527.81182,13915.19011,113.89102,4183.86933,11.09175,218,237,2,0.08366013071895424,False
542,12440.77258,19525.64329,138.13037,54310.86924,3.4492,216,333,2,0.4187363834422657,True
543,12465.49143,21530.25376,106.2859,3947.32659,10.83359,217,367,2,0.048801742919389976,False
544,12588.54474,23432.04918,100.75809,2531.02176,11.84298,219,399,2,0.03311546840958605,False
547,12476.20979,6395.63792,93.75244,2836.69331,10.16718,217,109,2,0.08932461873638343,False
548,12518.08348,8850.14903,112.03926,2780.40082,14.05993,218,151,2,0.036601307189542485,False
551,12538.93805,16967.82873,99.61309,2890.72233,12.2904,218,289,2,0.011764705882352941,False
553,12538.03009,18851.67141,136.96102,9383.48691,7.27343,218,321,2,0.05403050108932462,False
555,12740.40506,4348.8257,107.33116,1980.34309,15.18922,222,74,2,0.07407407407407408,False
556,12588.32874,13816.60076,84.82928,2869.10367,13.16783,219,235,1,0.00392156862745098,False
557,12582.83462,15315.81784,86.29942,1283.55738,16.95299,219,261,1,0.07450980392156863,False
558,12734.87395,7631.194,90.32187,2255.37155,9.01906,221,130,2,0.08061002178649238,False
559,12666.28122,9046.27304,83.35806,1579.89811,13.70061,220,154,1,0.050980392156862744,False
560,12654.58388,9762.18331,95.10735,2192.41725,14.04144,220,166,2,0.052723311546840956,False
562,12693.80796,17161.96684,98.38058,2851.99499,15.18408,221,292,2,0.05185185185185185,False
565,12601.9697,23539.1862,214.35772,8541.10819,14.033,219,401,4,0.05403050108932461,False
568,12610.14828,8438.8956,108.96666,4329.47419,10.38999,219,144,2,0.09019607843137255,False
569,12752.20408,23852.76285,150.72708,10342.92522,7.51355,222,406,3,0.05647058823529411,False
573,12800.10401,16475.06681,103.59863,3293.93934,10.66879,223,281,2,0.07450980392156864,False
578,12899.50041,4036.74412,174.98581,4635.77105,13.47092,224,69,3,0.096,False
579,12828.19974,4279.14116,109.84509,2060.60182,18.51183,223,73,2,0.06492374727668845,False
580,12776.60914,7665.53527,95.48668,2771.72372,10.6666,222,131,2,0.06928104575163399,False
582,12903.98805,14867.6872,101.21012,1219.90445,26.22557,224,253,2,0.05925925925925926,False
584,12796.25402,16062.52666,78.16673,1006.86642,19.17052,223,274,1,0.027450980392156862,False
585,12939.71648,20568.14985,103.02378,2944.66804,10.81687,225,350,2,0.05620915032679738,False
589,12894.82615,4921.82657,88.32251,1711.6303,15.12768,224,84,2,0.0457516339869281,False
591,12916.41017,9644.12047,80.02722,1484.29741,12.20554,225,164,1,0.058823529411764705,False
593,12992.21424,3654.28776,86.17039,2673.28228,8.1519,226,62,1,0.027450980392156862,False
594,13001.75087,5366.32463,122.38739,4059.54988,11.30431,226,91,2,0.0758169934640523,False
595,13010.56571,7142.47951,81.72301,890.11773,16.48392,226,122,1,0.01568627450980392,False
598,12974.01897,24601.95487,113.14003,4428.93401,11.14765,226,419,2,0.0906318082788671,False
601,13045.82679,10995.6799,103.48605,1647.23994,19.51003,227,187,2,0.09498910675381263,False
602,13114.00973,21889.11734,91.16557,4713.32107,7.66772,228,373,2,0.020043572984749458,False
603,13065.62999,4147.08047,104.08376,3638.3873,11.86705,227,71,2,0.10152505446623093,False
606,13145.72824,11584.16689,76.35654,1143.69085,12.8663,229,197,1,0.023529411764705882,False
607,13107.75979,12094.14769,141.12008,3433.44767,12.02837,228,206,2,0.03529411764705883,False
609,13058.08414,17015.38218,97.31993,5046.78749,8.99926,227,290,2,0.09281045751633986,False
611,13126.39648,20607.79369,94.03488,5741.0454,6.9312,228,351,2,0.02962962962962963,False
612,13086.51337,22961.74881,95.55816,3456.19775,10.58151,228,391,2,0.0718954248366013,False
613,13024.74589,24181.35379,113.04547,5755.10307,11.1744,227,412,2,0.042701525054466234,False
614,13133.01279,10359.20241,86.52204,2201.01749,12.60245,228,176,1,0.054901960784313725,False
615,13168.0855,13007.47996,91.73798,16633.15892,2.27783,229,222,2,0.18910675381263617,True
618,13187.18613,9843.32793,105.12758,1923.03694,18.25383,229,168,2,0.0775599128540305,False
619,13194.92023,16237.93231,111.36415,8164.56194,8.95663,229,277,2,0.1516339869281046,False
620,13295.60336,18322.89667,119.99035,5945.40961,8.93272,231,312,2,0.11764705882352941,False
622,13280.4383,19315.4295,86.12397,2064.27151,10.78699,231,329,1,0.0,False
623,13176.53077,22756.50967,94.88829,2401.92196,12.31419,229,388,2,0.061002178649237467,False
624,13334.35969,17994.38635,77.95994,1840.09981,10.92703,232,307,1,0.00784313725490196,False
625,13339.54938,18555.73565,87.03089,2793.53489,12.2725,232,316,1,0.09411764705882353,False
627,13373.55865,6469.07981,114.16552,6570.23112,6.99887,233,110,2,0.0906318082788671,False
628,13307.86082,13710.0056,75.35259,1919.30648,15.62898,231,234,1,0.10980392156862745,False
629,13355.0654,22198.30107,88.38197,2205.64115,15.39015,232,378,2,0.11633986928104573,False
630,13356.16269,4511.24729,79.5499,2116.43469,12.70304,232,77,1,0.03137254901960784,False
631,13382.74719,6608.02682,107.89507,5486.49816,9.55339,233,113,2,0.12418300653594772,False
633,13369.07639,13356.74887,82.40001,2629.80518,12.77673,233,228,1,0.07058823529411765,False
634,13378.77616,14133.06755,118.38437,10551.45417,6.49739,233,241,2,0.1320261437908497,False
635,13350.87158,20761.31145,118.16946,3704.44926,13.592,232,354,2,0.044444444444444446,False
636,13457.81418,21319.30106,87.4266,3190.1489,11.08663,234,363,2,0.05446623093681917,False
637,13491.3607,4225.75339,126.93567,7410.47805,7.84589,235,72,2,0.07276688453159041,False
639,13482.42133,12208.42857,89.05794,2803.9589,9.42844,234,208,2,0.11241830065359476,False
641,13341.37765,18302.94813,101.71576,4679.72034,10.89367,232,312,2,0.11285403050108934,False
642,13515.43102,19951.14508,90.46999,1838.02012,13.42548,235,340,2,0.02178649237472767,False
643,13441.68803,22029.62166,158.3405,8547.51789,10.57621,234,375,3,0.06698039215686274,False
646,13555.09638,8366.64766,89.42544,2877.55156,8.98505,236,143,2,0.05010893246187363,False
648,13590.05331,15537.84647,75.71143,2989.68425,9.21788,236,265,1,0.050980392156862744,False
649,13570.95442,18691.33032,100.43881,3600.37112,13.53617,236,318,2,0.08278867102396514,False
650,13571.33356,23650.41756,95.66597,3995.57635,8.83807,236,403,2,0.11067538126361656,False
651,13447.37594,24126.79896,81.72477,2471.53593,12.90391,234,411,1,0.054901960784313725,False
654,13585.3801,12023.14604,92.42579,3335.13126,10.76888,236,205,2,0.08278867102396514,False
655,13703.44436,21497.55294,96.07644,4755.17169,11.25755,238,366,2,0.046623093681917215,False
656,13656.42348,22127.07675,103.36699,2509.50814,13.70394,238,377,2,0.08235294117647059,False
658,13703.52391,9812.98467,141.27239,10390.38948,7.08387,238,167,2,0.12941176470588234,False
659,13729.84366,22988.40071,85.27777,2173.42142,12.09271,239,392,1,0.07450980392156863,False
662,13717.50129,5216.25383,91.77149,3273.53359,8.27502,239,89,2,0.0758169934640523,False
663,13845.84828,11181.57116,86.27391,1827.77063,13.26095,241,190,1,0.054901960784313725,False
664,13816.95384,13359.88853,105.74224,3636.5345,11.82681,240,228,2,0.1363834422657952,False
665,13780.138,16081.64468,84.70651,2705.15147,8.95899,240,274,1,0.0,False
666,13863.02135,19280.69348,80.26531,2006.0914,11.97529,241,328,1,0.2627450980392157,True
667,13664.92478,6520.81381,117.60277,3628.13843,12.11531,238,111,2,0.07233115468409586,False
668,13901.58811,8934.61746,79.52211,1052.5573,19.99692,242,152,1,0.050980392156862744,False
670,13764.96582,15204.94467,86.2822,1955.85433,15.444,239,259,1,0.047058823529411764,False
673,13824.19497,18481.58678,75.51034,1843.13085,12.83649,240,315,1,0.11372549019607843,False
674,13795.58172,22672.11186,160.20184,8766.58989,9.53107,240,386,3,0.05207843137254902,False
675,13726.24266,23491.33122,91.15455,3045.99329,9.75609,239,400,2,0.013071895424836602,False
679,13911.97959,20762.05928,126.5258,7678.74901,9.08895,242,354,2,0.09281045751633987,False
681,14032.57854,8691.51408,92.37137,2439.24284,13.12129,244,148,2,0.03485838779956427,False
683,13817.62439,12031.84323,75.41208,1244.77718,15.30574,240,205,1,0.03137254901960784,False
684,14021.52977,13465.29159,107.5444,3774.66397,14.83316,244,229,2,0.22091503267973855,True
685,13860.60855,14005.51274,91.72467,2728.9093,10.84243,241,239,2,0.07145969498910675,False
687,13894.30489,21692.1797,114.49246,4980.90258,9.95086,242,370,2,0.11590413943355121,False
688,13903.28439,23831.33699,97.72054,3937.42952,9.56476,242,406,2,0.02832244008714597,False
689,13926.0741,4146.12113,78.54261,1728.41534,12.14243,242,71,1,0.01568627450980392,False
690,14043.2449,6800.92142,111.78506,4280.79264,10.38778,244,116,2,0.1028322440087146,False
692,14030.58204,18335.14725,129.9788,4763.48146,12.03442,244,312,2,0.10544662309368191,False
693,13961.35467,18931.22348,127.74137,22380.82319,3.55536,243,323,2,0.13769063180827887,False
694,13987.13682,25426.3872,80.74254,1361.70029,18.85424,243,433,1,0.0,False
697,14080.23914,12636.46915,80.88439,1727.03608,14.17638,245,215,1,0.11764705882352941,False
698,14028.79348,13688.85889,128.87211,2835.07776,20.15675,244,233,2,0.06405228758169935,False
699,14092.021,14819.13212,83.44324,1970.69131,12.73582,245,252,1,0.058823529411764705,False
701,13983.31853,25744.3495,86.27114,2242.63219,9.00479,243,439,1,0.011764705882352941,False
702,14034.72408,6012.12407,107.22497,4340.15079,10.10155,244,102,2,0.06884531590413942,False
703,14153.09233,7828.52335,87.21827,2768.04496,11.9921,246,133,2,0.12549019607843137,False
704,14070.12932,9520.53839,105.0917,2181.34109,23.47654,245,162,2,0.05403050108932461,False
705,14107.55341,10170.32192,87.10332,2113.21587,11.10334,245,173,1,0.0392156862745098,False
710,14137.82734,13133.82255,177.87799,18971.04711,5.99463,246,224,3,0.1545098039215686,False
711,14142.35563,18038.67911,137.02523,6266.46023,9.82016,246,307,2,0.06100217864923748,False
712,14230.28833,19912.79742,87.56921,2598.04203,10.35429,247,339,2,0.0196078431372549,False
713,14183.6928,21005.90022,77.93993,1782.40075,14.87756,247,358,1,0.01568627450980392,False
714,14213.32938,23063.21836,83.28724,2728.59918,11.09771,247,393,1,0.0980392156862745,False
716,14186.77833,9474.11988,98.43583,1942.84741,17.50955,247,161,2,0.026579520697167756,False
717,14142.17256,20512.12261,163.91233,3854.07058,26.9095,246,349,3,0.041568627450980396,False
718,14172.65124,21564.5995,131.51064,4796.94715,10.83608,246,367,2,0.03485838779956427,False
721,14248.1956,5649.99357,99.97665,4092.46599,9.4832,248,96,2,0.07625272331154684,False
722,14286.72735,11243.64612,135.55981,9299.83928,6.91023,248,192,2,0.11633986928104575,False
723,14167.10309,13212.75814,163.91336,16257.78869,6.90248,246,225,3,0.1705098039215686,False
726,14183.86648,19889.59599,105.45008,3363.63807,11.66507,247,339,2,0.0196078431372549,False
728,14319.43598,7622.37939,95.47397,4271.30587,9.79474,249,130,2,0.10588235294117647,False
729,14371.70767,8909.00981,157.84195,4659.75698,15.24161,250,152,3,0.10588235294117647,False
730,14306.7998,9119.42204,75.90281,1628.27865,12.24336,249,155,1,0.027450980392156862,False
734,14233.68259,23874.18892,93.39452,2036.84701,14.66213,248,407,2,0.08409586056644881,False
735,14378.46973,5406.61297,85.24197,3407.00131,10.85336,250,92,1,0.06666666666666667,False
736,14464.80375,10959.64957,95.69402,3874.21998,10.30544,252,187,2,0.09411764705882353,False
738,14445.23733,23551.83076,91.12027,3004.05089,8.65781,251,401,2,0.022657952069716776,False
739,14405.69212,4686.17336,83.49034,1496.85996,14.74953,251,80,1,0.023529411764705882,False
742,14376.46235,14999.01144,124.07279,4316.67416,14.98467,250,256,2,0.08540305010893247,False
745,14584.70354,16140.65547,97.64853,4802.45613,8.88763,254,275,2,0.06318082788671026,False
748,14541.91779,20501.57407,98.38935,1695.93194,18.56968,253,349,2,0.033115468409586055,False
750,14535.19392,6878.59697,81.47939,2347.8866,7.38692,253,117,1,0.0196078431372549,False
751,14498.70717,10978.34281,103.45775,2586.70712,12.98746,252,187,2,0.09411764705882353,False
754,14567.15861,21939.51503,75.73938,1226.24294,15.50486,253,374,1,0.043137254901960784,False
755,14553.12159,22474.42897,84.1001,3985.4751,7.77732,253,383,1,0.12156862745098039,False
756,14551.04745,22952.37517,89.84361,2563.71373,9.39283,253,391,2,0.013071895424836602,False
757,14601.89764,25570.74185,102.26544,2418.25387,14.41794,254,436,2,0.11241830065359476,False
759,14526.37458,11092.98464,111.44547,3920.44459,10.74428,253,189,2,0.05446623093681916,False
760,14708.79284,19349.65783,90.48846,3369.11978,10.64496,256,330,2,0.08627450980392157,False
761,14611.1225,23668.30317,96.88238,3552.36563,11.79488,254,403,2,0.03877995642701525,False
764,14721.79341,9943.29027,90.48446,2884.29577,12.33612,256,169,2,0.09891067538126361,False
765,14665.28305,10235.71522,95.40348,1990.17453,13.23363,255,174,2,0.04531590413943355,False
768,14626.09649,22276.15562,85.62908,1401.77818,15.53826,254,379,1,0.10588235294117646,False
769,14673.80362,25672.28073,112.45931,3474.83591,10.90916,255,437,2,0.12200435729847493,False
771,14768.39899,13677.18698,77.41892,1689.88025,13.88927,257,233,1,0.12941176470588234,False
772,14718.7009,14796.06062,76.74359,2622.78669,10.09037,256,252,1,0.050980392156862744,False
773,14754.13765,17816.53375,160.04458,89.65475,896.30304,257,304,3,0.04047058823529412,False
775,14608.53626,19818.35499,115.73119,3009.50121,14.94428,254,338,2,0.05795206971677559,False
776,14760.15265,20552.28421,96.37604,2865.92936,9.80311,257,350,2,0.07799564270152505,False
777,14860.61315,6170.98597,131.89315,7271.73709,8.10271,258,105,2,0.13333333333333336,False
779,14842.9887,7517.69381,109.76088,3390.26412,12.07002,258,128,2,0.06318082788671026,False
780,14706.82095,7601.60507,109.95955,3171.6256,13.11615,256,129,2,0.0801742919389978,False
781,14735.0831,10694.66404,78.78351,2137.25224,11.77422,256,182,1,0.050980392156862744,False
787,14794.60638,9007.06294,81.48427,1618.17015,17.16777,257,153,1,0.058823529411764705,False
788,14881.99361,9606.13394,103.53825,5165.60228,11.65917,259,164,2,0.1028322440087146,False
789,14809.60997,25462.83658,77.77546,2249.43229,10.10551,258,434,1,0.0392156862745098,False
791,14776.15704,13708.84184,130.91278,3684.06516,17.4911,257,234,2,0.08453159041394336,False
792,14917.93,16423.42447,94.03663,2414.86856,12.24042,259,280,2,0.01655773420479303,False
793,14801.64406,25681.23093,93.51017,2403.06405,12.37642,257,437,2,0.06492374727668844,False
794,14899.46281,9839.32635,95.81263,2672.61885,10.31344,259,168,2,0.04793028322440088,False
796,14949.272,12519.68533,104.02235,3563.97315,10.22186,260,213,2,0.06361655773420478,False
797,14847.23122,13735.47293,102.35563,2427.20279,15.23676,258,234,2,0.05751633986928105,False
799,15023.62426,23278.60587,87.61573,2776.09011,12.0415,261,397,2,0.03529411764705882,False
804,14936.73093,19416.6354,99.7318,6322.43977,7.6942,260,331,2,0.057952069716775606,False
805,15017.91136,20534.18095,128.36904,3309.1578,16.71018,261,350,2,0.04226579520697168,False
806,14979.14199,21836.47713,85.46676,3688.64248,8.92186,261,372,1,0.07058823529411765,False
807,15026.88501,23447.15646,88.85902,2205.48906,15.44407,261,399,2,0.04531590413943355,False
808,14932.20438,6103.49952,126.01672,5693.20385,12.21192,260,104,2,0.11459694989106756,False
809,14924.45855,9562.30867,119.07267,5665.13685,11.00127,260,163,2,0.09542483660130718,False
811,14984.82751,20435.27608,86.55549,2201.9859,12.55814,261,348,1,0.0,False
814,15194.85547,8169.26216,85.35309,2127.0756,9.9362,264,139,1,0.043137254901960784,False
815,15251.03265,8428.45045,91.2162,1301.68615,16.15417,265,144,2,0.032244008714596956,False
818,15183.75091,17479.12942,99.69843,2970.3176,10.84833,264,298,2,0.10326797385620914,False
820,15183.93798,7011.05162,115.42129,5833.82625,7.97517,264,119,2,0.08104575163398692,False
822,15316.81088,22910.1596,97.50038,2503.61136,12.39601,266,390,2,0.006100217864923747,False
823,15197.17039,8223.29297,228.92907,6783.72976,18.04723,264,140,4,0.043050108932461875,False
824,15235.87033,9303.65377,96.12714,3667.94935,9.43746,265,158,2,0.10501089324618736,False
827,15300.3624,21502.26532,81.56892,3280.85421,7.97423,266,366,1,0.03529411764705882,False
828,15275.37486,24362.54373,110.19788,4643.28869,11.67922,266,415,2,0.1132897603485839,False
829,15099.57948,24734.5542,84.08932,1008.30088,19.40125,263,421,1,0.15294117647058827,False
830,15424.52829,10357.9594,102.45677,2863.18034,14.8554,268,176,2,0.04793028322440088,False
831,15240.81863,13144.65082,87.54969,1821.29731,13.04625,265,224,2,0.03485838779956427,False
834,15390.46842,11279.02761,89.35702,2484.44635,12.85119,268,192,2,0.08976034858387799,False
837,15362.41555,15784.35431,137.19191,6712.93896,9.54138,267,269,2,0.07363834422657951,False
838,15354.04002,18462.06124,129.14879,9876.92161,6.87489,267,315,2,0.1616557734204793,False
839,15290.5557,20773.07863,82.05639,2947.89516,8.86848,266,354,1,0.00392156862745098,False
840,15255.05227,22341.97726,87.6805,1775.41601,17.48378,265,381,2,0.07494553376906318,False
841,15327.40813,23593.70603,75.55765,1840.8479,9.34683,267,402,1,0.023529411764705882,False
842,15361.21759,24337.10896,106.46612,4807.96035,10.48599,267,415,2,0.1045751633986928,False
843,15495.49296,6284.92628,76.38433,1236.39498,13.79826,269,107,1,0.10196078431372549,False
844,15531.36153,7507.56592,106.74192,2915.51386,13.42199,270,128,2,0.04444444444444444,False
845,15444.42087,19037.74281,86.37002,2650.54615,10.72411,269,324,1,0.027450980392156862,False
847,15513.88143,23027.02041,147.48017,6312.02949,11.18742,270,392,3,0.02494117647058823,False
849,15465.93319,13410.06343,76.01948,1114.45533,15.23889,269,228,1,0.01568627450980392,False
850,15457.04253,16170.29673,187.36078,16134.91835,7.70377,269,275,3,0.06996078431372549,False
851,15584.98539,17664.43757,95.53737,2833.32294,10.28333,271,301,2,0.07799564270152506,False
854,15449.35454,25500.92208,78.22636,1278.75766,13.31342,269,434,1,0.0,False
855,15635.99195,8914.5291,79.57744,1610.50524,18.80951,272,152,1,0.058823529411764705,False
858,15512.31267,9722.70826,139.52785,2986.84921,20.46787,270,166,2,0.045315904139433545,False
859,15579.56418,10546.96475,94.14779,10228.98534,3.48851,271,180,2,0.10718954248366014,False
860,15633.05121,10928.49632,77.82582,2360.8887,10.48858,272,186,1,0.09411764705882353,False
862,15488.31674,16401.34381,173.87789,6912.45496,14.97252,269,279,3,0.12909803921568627,False
863,15541.18832,17423.50969,130.15226,3749.33384,16.95025,270,297,2,0.06579520697167755,False
864,15587.68228,7634.90795,86.45855,2280.63354,9.97129,271,130,1,0.01568627450980392,False
866,15605.80695,19414.41831,83.94842,3875.77255,8.26865,271,331,1,0.09019607843137256,False
868,15785.42643,8734.88679,96.13857,1919.23499,17.66712,275,149,2,0.08540305010893245,False
871,15657.42634,17617.75973,101.72188,3976.02435,8.2588,272,300,2,0.02832244008714597,False
872,15813.69402,21871.73923,107.79769,4350.74833,9.72366,275,373,2,0.048801742919389976,False
875,15810.63936,8301.54933,96.21886,2305.46466,13.34155,275,141,2,0.06623093681917211,False
878,15716.04443,16558.76681,96.15365,2676.08058,13.48962,273,282,2,0.05185185185185185,False
879,15715.50423,20224.42249,79.92509,2078.90636,11.79033,273,345,1,0.0392156862745098,False
881,15889.74502,13449.71672,96.59943,3080.07048,8.15942,276,229,2,0.0457516339869281,False
884,15803.51592,16198.0312,90.12147,1846.1954,12.81062,275,276,2,0.024400871459694988,False
885,15958.67604,17097.38719,91.38725,2838.61177,12.44652,278,291,2,0.0636165577342048,False
886,15921.80055,18108.94041,142.95578,4553.10568,10.71323,277,308,2,0.05577342047930283,False
889,15972.92543,8620.90899,75.77905,792.50681,16.65093,278,147,1,0.054901960784313725,False
891,15936.64266,18111.97727,118.14954,3608.75742,12.49115,277,309,2,0.06797385620915034,False
893,15865.5888,23212.41876,158.91327,9192.22396,7.92764,276,395,3,0.05647058823529411,False
894,15884.10537,24283.01949,88.33034,5089.59853,9.25758,276,414,2,0.04705882352941176,False
895,15998.73239,24669.8346,115.67612,5393.82222,7.82059,278,420,2,0.06884531590413942,False
896,16062.16435,9376.77953,120.93815,7615.99981,8.49632,279,160,2,0.2139433551198257,True
897,16020.77892,10918.92867,95.21083,2849.74441,10.73698,279,186,2,0.05664488017429194,False
899,15924.01793,21907.75068,75.11649,2496.76296,9.7133,277,373,1,0.027450980392156862,False
902,16078.47945,12699.02099,85.81392,2220.1497,9.35904,280,216,1,0.047058823529411764,False
906,16114.34639,17131.95956,150.83703,6690.52906,12.18496,280,292,3,0.0596078431372549,False
907,16140.46155,19615.48115,108.32017,4501.45031,10.55126,281,334,2,0.06623093681917211,False
908,16185.85962,13639.20268,83.40377,1875.74378,12.30636,281,232,1,0.027450980392156862,False
909,16217.29802,17266.02619,94.41457,3320.75011,12.67987,282,294,2,0.02047930283224401,False
914,16247.09296,16254.27787,147.88733,6087.61451,9.6956,283,277,3,0.05411764705882352,False
915,16357.98788,16787.65092,96.50272,1505.70549,19.42966,284,286,2,0.0457516339869281,False
916,16307.63438,17548.56424,119.94947,3739.5713,12.54517,284,299,2,0.12374727668845316,False
917,16126.0275,18009.49199,94.10364,1908.91223,14.92008,280,307,2,0.058823529411764705,False
919,16233.03883,24939.05044,81.94216,2300.85662,8.1651,282,425,1,0.07058823529411765,False
922,16227.37893,8279.32883,75.71141,1371.31632,11.63563,282,141,1,0.023529411764705882,False
928,16336.47047,9457.6972,155.92802,15303.00913,8.95847,284,161,3,0.15027450980392157,False
930,16569.85669,11485.72162,89.35004,2400.68471,10.97774,288,196,2,0.06666666666666668,False
938,16507.20847,22376.66264,76.10079,1406.64814,12.54437,287,381,1,0.0,False
939,16592.44106,11001.78569,96.35577,15590.24162,2.71464,289,187,2,0.052723311546840956,False
940,16563.8493,22662.19936,95.09636,3456.63156,8.03843,288,386,2,0.022222222222222223,False
941,16626.40664,23238.9613,101.09841,2643.33923,15.27432,289,396,2,0.08366013071895424,False
942,16675.71526,24660.57269,98.18798,5129.53706,9.31078,290,420,2,0.02832244008714597,False
943,16664.74005,25046.52951,107.69315,4596.42552,9.76794,290,427,2,0.08671023965141611,False
945,16615.65135,9875.11845,111.70296,7238.36033,5.81733,289,168,2,0.06100217864923748,False
946,16607.64067,11438.95792,95.13935,3276.53711,10.1315,289,195,2,0.060130718954248374,False
950,16655.15762,17319.3194,164.22122,10139.0624,8.61717,290,295,3,0.1846274509803922,True
952,16701.13088,18845.31586,81.24186,1716.03535,13.68084,290,321,1,0.043137254901960784,False
953,16612.78164,21876.99779,80.05034,1591.82139,9.87179,289,373,1,0.0,False
955,16623.93927,7866.20195,77.40965,1298.89382,15.06167,289,134,1,0.0,False
956,16651.96514,10693.23763,109.47992,5964.36273,9.0364,290,182,2,0.052723311546840956,False
957,16765.33234,14636.03658,79.45315,1685.27936,9.51526,292,249,1,0.09411764705882353,False
958,16774.01609,19755.37726,102.21448,2232.39355,11.32828,292,337,2,0.028758169934640518,False
959,16669.8771,23339.90696,88.43922,2132.88953,11.06071,290,398,2,0.06143790849673203,False
960,16675.07747,24386.77253,93.40743,2342.87495,8.95186,290,415,2,0.03311546840958605,False
961,16766.18098,8338.33503,77.10602,1035.88785,20.00706,292,142,1,0.00784313725490196,False
962,16808.33476,13724.81356,85.31383,2381.4434,13.19282,292,234,1,0.0,False
964,16720.45406,23167.45471,79.67296,2099.06075,11.31161,291,395,1,0.050980392156862744,False
971,16779.94752,19742.37891,82.2424,1749.38487,12.54647,292,336,1,0.0392156862745098,False
973,16871.9509,12002.45722,96.2991,2494.1585,9.01318,293,204,2,0.025708061002178647,False
976,16834.11604,25004.47107,102.02622,5540.81623,10.08124,293,426,2,0.09019607843137255,False
977,17020.39565,19186.24656,93.3213,2248.87705,12.84305,296,327,2,0.0849673202614379,False
979,16936.00185,22704.61452,107.08285,4088.14604,7.4588,295,387,2,0.01045751633986928,False
980,17050.61269,8479.56855,116.06326,4298.07607,9.55095,297,144,2,0.05359477124183007,False
981,17035.23018,12686.71806,84.28536,2143.9303,11.84775,296,216,1,0.03529411764705882,False
983,17003.10089,14520.73517,78.78148,1878.42192,11.48921,296,247,1,0.050980392156862744,False
985,17013.29708,16452.60674,97.6905,5933.95934,6.45245,296,280,2,0.06579520697167757,False
987,17083.16537,23911.13606,107.31284,3267.35232,14.50788,297,407,2,0.054901960784313725,False
988,17136.34259,23786.22381,100.23141,2940.25868,11.93275,298,405,2,0.10893246187363832,False
989,17131.58452,9060.93653,82.49051,1720.36509,10.66492,298,154,1,0.0,False
990,17078.93524,17179.79214,103.66322,16791.21593,3.46649,297,293,2,0.13725490196078433,False
991,16973.20552,22172.09303,88.45701,1167.78989,12.20763,295,378,2,0.033115468409586055,False
992,17071.06665,24600.55314,102.71759,4494.20659,5.73204,297,419,2,0.03660130718954248,False
993,17227.39487,11067.01334,110.79526,4123.90284,8.95487,300,189,2,0.04008714596949891,False
997,17205.47183,9444.97842,77.78342,2336.69583,8.5876,299,161,1,0.047058823529411764,False
998,17288.86159,12231.70001,80.47965,1670.52207,12.19421,301,208,1,0.10588235294117646,False
1001,17287.76299,11535.82357,101.45757,2836.05747,11.80114,301,197,2,0.10196078431372549,False
1006,17187.80308,8469.48696,84.59978,1787.48479,11.37144,299,144,1,0.043137254901960784,False
1007,17378.41089,10588.65929,87.51491,2721.85315,9.62995,302,180,2,0.047058823529411764,False
1009,17328.27617,14626.51884,75.53151,1319.34364,11.39925,301,249,1,0.0,False
1012,17472.89697,11581.40366,118.37351,4140.09176,12.69637,304,197,2,0.05359477124183007,False
1014,17452.12639,15565.80719,82.17581,1413.16491,17.95485,304,265,1,0.0196078431372549,False
1015,17445.07814,16254.62263,103.81321,5061.31979,10.92365,303,277,2,0.04095860566448802,False
1016,17427.54511,16980.77241,79.47315,4643.68552,6.66552,303,289,1,0.03529411764705882,False
1017,17568.47962,14088.65669,144.81705,9535.66461,9.28318,306,240,2,0.13333333333333333,False
1019,17509.80906,23521.68365,125.4256,6000.83644,11.93991,305,401,2,0.016557734204793024,False
1022,17509.18885,11528.43578,93.17059,2801.27414,11.75629,305,196,2,0.05359477124183007,False
1023,17598.99962,15038.1423,83.13669,2614.92168,11.11368,306,256,1,0.09019607843137256,False
1025,17562.60146,23632.37628,111.39497,3062.78347,14.33407,305,403,2,0.029193899782135078,False
1027,17657.47184,15628.15609,106.72207,3383.99657,11.89536,307,266,2,0.09324618736383442,False
1028,17700.16003,17629.70894,104.00778,3748.19196,10.58205,308,300,2,0.1028322440087146,False
1029,17726.42835,23027.60267,87.96031,2278.7814,13.01552,308,392,2,0.016557734204793024,False
1030,17561.09013,23766.65712,84.07051,3315.97488,10.24478,305,405,1,0.054901960784313725,False
1032,17672.56489,13217.82943,97.31225,4650.14985,9.06133,307,225,2,0.06666666666666668,False
1033,17658.33573,14079.3409,100.55604,2638.11693,15.57032,307,240,2,0.09411764705882354,False
1034,17682.90741,16592.84178,91.33225,3771.27259,8.72263,308,283,2,0.020043572984749455,False
1038,17694.95192,12229.18916,91.20677,2869.43346,10.0625,308,208,2,0.037037037037037035,False
1039,17718.81036,13613.13974,88.10342,2725.70985,11.24027,308,232,2,0.05620915032679738,False
1041,17762.97118,11014.92056,79.81223,1270.72357,12.57469,309,188,1,0.00784313725490196,False
1043,17809.23044,15608.32661,111.95798,3962.83454,10.76951,310,266,2,0.046623093681917215,False
1044,17805.86201,16888.2015,100.55051,3732.13396,7.95861,310,288,2,0.06928104575163399,False
1046,17835.62175,23033.3085,90.19629,2848.11375,9.34867,310,392,2,0.007407407407407408,False
1047,17883.48717,14660.22303,84.21226,2146.73707,15.11552,311,250,1,0.00784313725490196,False
1048,17927.82016,14927.95955,98.53627,4053.90076,11.0913,312,254,2,0.04444444444444444,False
1049,17872.15709,15704.29372,78.16749,1987.92492,9.76048,311,268,1,0.0,False
1050,18053.8789,17734.3648,263.99484,27746.77921,8.1932,314,302,5,0.11764705882352941,False
1051,17948.96961,22566.28495,77.52909,1009.44421,12.39722,312,384,1,0.01568627450980392,False
1053,17909.65634,13331.41576,135.16309,4649.97019,10.2613,311,227,2,0.038779956427015254,False
1055,18030.85669,20126.71742,83.01242,956.74212,14.33113,314,343,1,0.00784313725490196,False
1056,18040.67973,17732.98696,149.48919,11120.74286,7.02031,314,302,3,0.14337254901960786,False
1057,18052.55062,18466.55104,88.88458,3284.91521,8.96767,314,315,2,0.029629629629629634,False
1059,18053.89256,14363.24726,80.15545,2027.35383,12.04207,314,245,1,0.0,False
1060,18105.82471,14994.50093,188.87153,10857.38333,10.55538,315,255,3,0.07607843137254902,False
1062,18210.07642,21400.3097,78.5462,914.80126,12.68023,317,365,1,0.07450980392156863,False
1063,18040.90661,18541.3097,84.51551,2493.17022,11.06421,314,316,1,0.027450980392156862,False
1065,18228.1528,11267.65173,98.45756,2362.2316,10.80109,317,192,2,0.0392156862745098,False
1066,18237.77253,11392.13886,95.54673,2271.33673,11.9429,317,194,2,0.043137254901960784,False
1067,18160.46952,12503.71619,87.90865,1782.64554,13.96993,316,213,2,0.04400871459694989,False
1069,18265.7415,19048.37775,97.20392,2858.97624,12.96014,318,325,2,0.03355119825708061,False
1073,18179.34321,17666.02354,117.03115,7444.93552,10.0472,316,301,2,0.1093681917211329,False
1074,18324.42943,18132.75319,82.0799,1181.1598,17.6679,319,309,1,0.027450980392156862,False
1075,18372.95253,13954.91736,78.34978,1673.85967,11.52162,320,238,1,0.0,False
1076,18404.8959,15470.65132,86.76672,2062.03245,12.9307,320,264,1,0.18823529411764706,True
1079,18366.62144,21593.68452,115.22242,3439.07943,9.82319,319,368,2,0.04226579520697168,False
1082,18345.52251,21878.87116,76.39455,1350.82736,10.65426,319,373,1,0.0196078431372549,False
1084,18377.76049,15000.78419,92.40415,2446.41955,13.01322,320,256,2,0.050980392156862744,False
1086,18402.78218,21455.13055,120.36314,2833.15939,11.51168,320,366,2,0.033115468409586055,False
1089,18554.83114,14419.69216,98.0529,4813.28054,8.64333,323,246,2,0.09847494553376906,False
1090,18527.90568,14759.45841,96.54138,3295.88106,12.28876,322,251,2,0.0383442265795207,False
1091,18513.63819,15488.22583,81.54671,2667.7144,11.48166,322,264,1,0.054901960784313725,False
1095,18626.34233,16394.40121,90.84013,4237.91142,8.25447,324,279,2,0.0383442265795207,False
1096,18618.29001,14398.07522,124.05821,5935.75119,9.09157,324,245,2,0.061002178649237467,False
1100,18770.95101,15001.07727,101.14874,2493.5793,13.97372,326,256,2,0.05359477124183007,False
1101,18781.93613,20290.56975,82.57561,651.23439,20.54807,327,346,1,0.043137254901960784,False
1103,18983.96702,17516.72049,84.91006,1140.93347,16.78594,330,298,1,0.047058823529411764,False
1105,18970.5086,21202.95133,94.84157,2377.21325,10.01893,330,361,2,0.01917211328976035,False
1107,18950.99788,17538.37597,86.79966,1152.78705,19.59674,330,299,1,0.0196078431372549,False
1108,19059.42377,18001.46282,84.28934,2105.14944,10.2038,331,307,1,0.0,False
1111,19074.89468,19952.26456,98.76633,4374.76785,9.28812,332,340,2,0.03355119825708061,False
1118,19319.81516,17575.31221,92.88048,1576.15877,14.81543,336,299,2,0.010021786492374727,False
1121,19593.64317,16886.95693,78.78519,1188.17201,14.52493,341,288,1,0.027450980392156862,False
1122,19579.3726,18425.94287,118.84704,2201.43643,17.87,341,314,2,0.04531590413943355,False
1123,19554.75826,18394.46049,159.73417,3436.43948,16.82653,340,313,3,0.05835294117647058,False
1124,19559.87826,17645.4623,80.14139,2017.40572,9.9445,340,301,1,0.0,False
1128,19786.64735,18042.72841,86.3234,2638.10211,8.18691,344,307,1,0.0392156862745098,False
