"id","x [nm]","y [nm]","sigma [nm]","intensity [photon]","uncertainty_xy [nm]"
1,6823.78646,7925.68008,34.14087,169.72854,13.14999
2,7027.9579,13051.67202,87.72007,3231.737,14.662
3,6954.78877,12172.938,34.07524,373.18557,9.89723
4,7022.78711,12686.26066,89.39806,1922.1126,13.91865
5,7052.2284,13166.35075,83.6337,2334.51374,17.4891
6,6988.27146,9064.23292,48.30374,635.10965,9.64705
7,7061.04083,16623.35354,34.84644,211.33579,11.48648
8,7182.45545,8071.761,59.69435,810.62856,9.55468
9,7146.49174,15326.98289,50.28918,680.38246,11.97286
10,7151.53307,15912.1985,36.92777,324.51247,8.19432
11,7211.49119,7394.37257,85.44605,2342.52297,11.783
12,7185.81712,10975.38258,31.16054,294.63596,11.05835
13,7344.98329,5427.47654,115.99628,3623.40019,9.65279
14,7359.6301,5594.97521,110.97278,2838.7403,12.78593
15,7189.00368,7437.0035,95.67388,2353.83131,11.18279
16,7265.91351,9538.88998,33.91515,338.23627,6.99089
17,7193.98623,11837.98461,74.72808,1819.62232,9.43418
18,7183.54441,12369.33087,75.58869,1292.24558,12.57407
19,7223.74552,16989.31612,46.21666,463.86258,9.78727
20,7293.10771,6360.86695,88.58683,1448.63935,12.44289
21,7349.09597,8949.75381,88.73056,1673.96533,12.82129
22,7393.57896,1452.34776,45.37983,428.99536,11.65242
23,7316.09604,3273.33786,49.51901,568.31452,9.07187
24,7444.44754,14675.54094,105.37771,6392.55148,9.52675
25,7428.66419,2432.75502,71.28612,1437.26906,10.47665
26,7488.76415,4013.8855,68.30595,1525.96493,11.73376
27,7526.56982,4412.10087,91.64149,1214.12873,17.5645
28,7414.25368,6578.19193,90.62974,2445.19021,9.52518
29,7405.78705,13237.85418,88.32494,2544.22334,11.11038
30,7630.39447,1305.27933,80.75871,1212.50048,14.32353
31,7518.05233,3651.64638,54.57067,1012.66525,9.30837
32,7413.87925,7281.71077,83.85875,2594.24772,8.23938
33,7397.11844,14078.93979,72.00163,1701.0306,11.79517
34,7458.12565,16834.28109,54.81095,456.68553,13.34925
35,7498.49676,8134.695,109.17687,3396.99163,11.92768
36,7510.54155,15951.24787,85.33546,2279.42688,11.22947
37,7668.96879,1590.16048,84.12214,806.07659,20.83704
38,7557.5074,2271.59299,50.6892,686.96493,12.17416
39,7549.28765,5456.79137,157.41444,7378.87635,9.81943
40,7636.83345,6836.92703,61.5336,804.41382,15.80957
41,7745.81749,9980.44304,78.68185,1413.75456,12.44246
42,7718.37634,10604.77893,110.51313,1714.47414,21.1323
43,7640.27341,12068.82665,60.37269,1901.4055,6.46962
44,7657.86903,5902.12281,58.21423,802.70963,10.4362
45,7701.95541,8670.60582,109.15402,3246.76445,10.73843
46,7654.09297,10592.90417,80.29298,1089.00042,12.58338
47,7739.38455,11180.86568,162.21789,7250.94761,10.76802
48,7714.20316,13599.45169,55.88764,1092.33479,9.55004
49,7656.45371,15066.59686,114.26754,7772.31648,7.48411
50,7766.13649,1189.94235,79.06153,2009.4767,12.17273
51,7734.24328,5014.88382,116.16223,3882.81755,10.94461
52,7779.57817,12951.81115,70.7179,2241.52598,9.91104
53,7802.57282,17241.21444,72.77628,1052.22565,12.77661
54,7811.22913,10113.75613,67.22768,1151.46398,11.42447
55,7819.03559,11478.63872,85.34433,3346.57924,8.62418
56,7728.92202,15431.5675,77.42207,986.23801,18.3866
57,7795.02995,16559.04693,70.62407,2895.80211,4.9537
58,7873.97445,7065.39451,57.24598,1065.81708,7.64669
59,7933.72725,7601.9366,87.36856,1978.62679,11.68932
60,7912.22391,17364.65433,73.64348,1607.33162,9.94042
61,7870.93966,8780.60267,187.21673,9889.02143,10.47078
62,7929.11528,2862.88709,96.8475,4063.19588,9.57614
63,8005.20462,4272.41338,112.40745,5490.1497,6.09064
64,7956.79074,4728.30724,181.91768,8618.40099,10.54762
65,7880.7335,6122.41498,57.54584,350.57712,19.19326
66,7888.34011,9385.34214,66.71828,604.63968,20.29161
67,7962.8063,10787.4609,97.61564,3411.332,8.92452
68,7946.13754,14213.94663,53.71543,760.35561,12.69629
69,8061.00506,14495.75677,111.57273,2840.81708,11.59592
70,7977.198,1872.24133,86.70696,2145.20027,10.19373
71,8048.63814,6450.03415,74.83166,1382.36332,9.44919
72,8014.69675,13206.7482,82.20574,1914.19822,13.13313
73,8073.13283,17914.56151,28.37169,310.78854,10.93087
74,8046.70605,1278.39504,102.01488,2754.95903,13.14496
75,8084.05847,7073.24122,52.62192,704.82202,14.28059
76,8189.4257,10385.80914,66.76849,1216.83005,11.3796
77,7959.0576,11332.38047,91.21926,2073.66488,12.73812
78,8091.13724,12340.97174,54.47002,618.97908,11.30541
79,8185.86378,13803.10401,93.92695,2815.97119,10.54903
80,8106.48937,17115.79065,38.52904,475.64349,10.02752
81,8131.33618,18604.51652,42.74373,180.055,13.78058
82,8132.52765,5696.80787,38.82333,235.57541,13.74517
83,8251.84499,12512.21384,46.76579,574.60716,10.98903
84,8204.62933,15440.30484,75.61373,1743.90459,10.55942
85,8160.49049,16059.08379,82.17784,1846.03006,10.94154
86,8151.0359,16112.37825,93.14733,2300.31909,11.6846
87,8197.987,5171.6863,17.83551,246.46774,5.71874
88,8237.66349,9714.5775,90.45868,1887.9263,13.45645
89,8245.82187,11834.74377,72.54059,2068.32779,9.8182
90,8195.94604,13592.38345,87.24248,1784.71079,14.19194
91,8196.92409,14783.32993,83.286,938.85672,15.64421
92,8249.81964,635.28185,122.70606,5190.69076,8.38289
93,8336.46363,2239.78589,73.45909,1387.22144,16.99039
94,8338.66984,8235.66156,65.58865,1573.29175,10.64891
95,8250.84163,12504.21606,47.34246,594.05801,11.8354
96,8318.38181,2624.6015,68.18516,1689.56296,8.15581
97,8305.39958,3466.73899,98.07237,3647.30573,10.03028
98,8401.84198,7955.0926,89.12596,3583.27949,9.50734
99,8330.04287,9477.0132,88.21696,1458.06268,13.6
100,8219.64144,10755.23361,65.19919,991.90474,14.10125
101,8340.12697,12925.02344,53.19339,662.05407,9.74449
102,8388.14304,209.03678,85.14204,2713.23998,8.19005
103,8416.30606,6696.34883,51.15762,685.05959,10.59469
104,8381.06356,7167.55198,80.68588,2252.75294,11.92437
105,8381.14386,8913.25113,78.55682,2153.62094,8.0648
106,8429.03707,11868.14524,99.9387,3217.67292,12.32726
107,8296.94418,13904.8207,151.50841,3204.95446,22.98983
108,8385.6142,17676.8637,121.40433,7768.43878,6.0541
109,8327.81308,2234.03161,96.49864,2158.21669,16.37815
110,8462.7438,3783.61575,137.47534,6848.32017,8.49514
111,8388.95494,7675.75778,102.66214,4696.50557,8.56018
112,8343.60794,13752.12281,100.2674,2306.78037,11.6621
113,8529.71801,16339.98938,86.6264,2418.68802,13.09203
114,8501.03891,16922.13798,98.84626,2659.45886,13.02831
115,8533.56201,18260.23165,91.60414,3053.60333,10.29125
116,8528.04535,19397.05524,98.2387,3655.09206,8.20935
117,8468.84038,20192.49555,93.5945,5665.69944,6.25654
118,8496.77807,2942.9125,81.98808,2554.59124,7.85232
119,8549.23905,4271.56671,115.14526,3063.61999,13.67636
120,8488.61389,15136.27234,45.04768,583.51585,9.25271
121,8594.87517,4444.39114,99.68766,3756.40919,11.67726
122,8541.26289,4675.65446,51.22307,1157.64498,11.38845
123,8629.23044,10028.99129,62.50451,1216.38515,12.34541
124,8531.77367,11093.73705,69.2793,1454.6872,10.79455
125,8562.08682,11184.73681,59.77756,965.25639,11.59591
126,8609.53216,16502.38921,78.2733,2108.58764,14.86931
127,8594.77916,6213.57377,41.56554,496.57142,10.48949
128,8588.46075,8623.83831,34.39779,436.08619,7.60234
129,8596.84414,10449.67208,77.5677,2494.42996,10.21373
130,8632.27806,12516.18778,35.66232,252.487,10.81403
131,8632.1106,15909.33005,66.26547,1023.1876,11.14841
132,8620.7216,18418.41975,95.17947,3284.3599,8.67277
133,8610.92907,19267.06256,106.28419,6253.02464,9.05464
134,8720.70273,400.8453,91.14061,1360.80853,13.12872
135,8810.50537,3402.48262,59.28041,634.01575,19.02567
136,8639.11176,11734.62153,104.68283,2364.49626,14.08186
137,8694.17018,13219.11862,43.59668,132.62082,31.05553
138,8718.71502,16020.19221,80.12789,1224.3419,16.28883
139,8649.63518,3808.78978,89.74538,3238.2134,11.19312
140,8695.23396,14440.76841,99.99502,4070.99225,8.08304
141,8694.56119,17644.33297,76.3304,2604.95021,8.7786
142,8691.97022,17811.96793,145.70554,6114.79438,11.13545
143,8881.08427,812.57006,76.81167,2095.06036,10.06166
144,8765.44824,1441.49523,89.04751,3493.27489,8.55193
145,8946.17723,2358.58373,77.24025,1698.05342,11.70474
146,8736.03596,5601.95817,91.51979,1406.79523,13.94593
147,8825.57567,14752.12383,103.453,2629.06447,14.64915
148,8755.79653,16906.66598,97.79175,3727.70215,9.69209
149,8710.82844,19357.24543,104.33794,5811.85134,8.27176
150,8827.39933,7074.72543,83.3372,1961.88563,11.37949
151,8859.61191,14750.8449,118.77069,5795.87751,9.31492
152,9002.66817,1007.66165,65.83185,1020.97115,13.41728
153,8956.94451,2029.38035,93.87361,5947.96902,9.64026
154,8930.0338,6106.16692,74.84126,2544.65516,7.07504
155,8885.3138,10226.08585,106.00188,2880.5969,10.58392
156,8922.47788,12230.39926,41.27012,225.03594,18.82698
157,8918.31135,12857.09191,37.38234,387.60495,9.91141
158,8914.719,15433.23561,86.68073,1540.5014,16.2679
159,8927.17053,20239.04299,85.49884,1430.49269,13.76684
160,8982.01846,3034.67831,184.94225,4729.20506,17.79165
161,9024.1237,4264.86764,71.78252,1319.92454,13.84447
162,8936.56576,4991.88707,49.32797,456.44355,13.59408
163,8963.00054,9615.78711,68.6332,992.96397,11.95591
164,9101.85566,16005.85816,98.99507,1894.27767,12.63349
165,8951.73853,18631.48858,80.51234,2658.34203,11.05097
166,9018.96392,20564.69668,98.64576,2325.36951,14.71708
167,9085.15413,20972.47176,116.79641,3539.63667,13.4916
168,9039.29796,2614.23501,56.03411,1183.20504,8.28346
169,8966.89028,5336.36109,49.40677,663.98778,10.41754
170,9029.04674,6526.42137,57.26176,1574.23182,7.40361
171,9135.52394,7646.60878,100.44137,3776.1455,10.28096
172,9112.72093,10881.33239,86.09031,2617.71058,11.49551
173,9056.79432,17440.83418,70.60957,1209.53183,13.39175
174,9015.23959,742.02373,89.25745,1890.16165,14.96509
175,8956.1101,2245.579,98.58429,3419.00413,11.56546
176,9131.63065,11618.45841,96.40751,3483.76274,9.25016
177,9094.93302,13358.72183,104.04468,4087.31748,9.78611
178,9109.18026,17050.75687,85.88939,3240.49665,9.48766
179,8976.84297,18859.24114,101.45332,2312.0063,12.95452
180,9142.51971,19744.48678,125.09827,4223.87784,10.49777
181,9121.79627,21958.82851,86.96312,1575.10948,14.23937
182,9144.34727,8177.90484,84.73372,4084.3474,7.51372
183,9164.12026,9238.96872,94.12975,3152.60352,9.94931
184,9192.65894,13215.60408,92.50855,2254.27245,12.58365
185,9174.37499,13742.78038,63.63157,1149.20311,10.21868
186,9173.07551,14288.5355,48.15952,655.35708,11.91751
187,9112.46782,16011.60437,93.49084,1807.68675,14.44977
188,9102.3593,19837.75572,85.11418,1923.79542,12.19507
189,9215.92188,916.49612,57.7558,716.84989,16.67273
190,9175.36697,1827.25171,138.72328,11191.74882,6.49856
191,9191.27559,4515.46135,61.08772,1430.02722,7.82507
192,9124.74362,10236.2788,62.51867,675.80673,15.28514
193,9137.49459,18407.3931,109.18758,4050.45212,12.55071
194,9121.86603,20496.14826,103.60674,2778.00688,13.83995
195,9138.6553,21054.37406,84.24322,2094.47628,9.56222
196,9284.08445,1638.34513,150.23679,6240.3632,10.87702
197,9206.43444,7414.85605,104.23648,6228.49468,7.10473
198,9268.83031,8872.669,161.12182,21478.32802,4.06584
199,9317.37585,15020.69629,143.99366,7003.56583,10.90454
200,9228.77402,16194.41192,81.50824,1996.5732,10.26822
201,9328.58801,21711.27398,129.74957,6060.42275,9.46966
202,9268.21763,22212.69713,55.22629,502.54724,15.96495
203,9347.43284,3477.05655,52.23594,938.08116,9.18768
204,9287.31401,10925.89321,95.74186,5116.74482,8.66476
205,9443.54389,12035.36539,83.02349,2595.15321,9.66016
206,9383.22913,15210.63165,165.82182,10352.10374,9.52954
207,9418.14234,21514.79307,117.27704,3386.45155,12.55929
208,9384.11703,6622.79063,83.77146,2706.16693,8.63363
209,9366.93458,9670.49934,49.55193,582.1106,11.63689
210,9397.74886,12737.74475,37.63924,404.22843,9.15741
211,9388.90362,14330.50678,69.03023,1738.19931,9.5038
212,9392.8639,17845.03899,57.49017,1122.12395,9.58766
213,9309.36679,20511.09655,73.8205,1357.87937,14.06117
214,9462.66187,3903.04296,43.30966,642.5549,8.25793
215,9457.04723,6053.93734,28.91947,359.64583,8.10758
216,9410.79065,7932.62213,75.37274,1701.2995,13.13228
217,9391.43023,15275.97272,116.28293,6623.29256,9.79777
218,9367.42708,17279.89402,77.65383,1859.74076,13.11038
219,9426.70338,18029.7689,90.29661,1583.83893,17.01508
220,9554.47462,2722.98217,76.3718,2404.10645,7.523
221,9516.37185,5453.7161,50.13754,507.02807,12.37037
222,9458.21457,11879.19824,84.36564,2024.07989,12.63617
223,9472.11598,14001.92891,38.36712,466.46875,9.81616
224,9482.54774,21679.84607,148.45811,7675.52356,7.98524
225,9666.32323,22657.17637,105.81484,2964.62201,10.33245
226,9492.5924,6645.71726,111.1279,3421.55375,12.67047
227,9627.67505,10256.00628,89.77127,1722.94732,12.97926
228,9544.1799,11258.226,104.58855,4249.459,9.32349
229,9502.05529,11996.01403,89.31933,3303.15812,9.62007
230,9397.41182,15247.13133,200.95125,14330.49234,8.9199
231,9575.1439,18411.06403,70.99774,2793.69883,9.24394
232,9542.50938,18737.72469,80.75713,1684.42754,12.61668
233,9638.60754,1674.11528,124.67311,10446.03079,4.53844
234,9652.27948,6198.0609,53.40221,824.01594,11.58309
235,9671.08745,7587.38694,60.92804,1408.10693,10.40341
236,9579.29445,10079.97836,82.97631,1865.02877,12.58937
237,9717.68161,19943.52534,89.95502,1253.60937,18.8627
238,9641.53555,20128.84314,63.89521,1011.84692,11.53905
239,9714.15829,22679.52178,108.97336,3362.15094,11.9496
240,9599.06201,504.90302,96.21591,2434.7813,12.87128
241,9617.18285,13075.08938,61.71586,1004.37363,11.46785
242,9689.3343,16232.67973,64.6662,1554.34518,11.57643
243,9712.37754,2800.97097,97.6605,2864.02605,11.79895
244,9732.61728,5077.20844,34.33596,311.52702,8.08198
245,9667.28402,10128.89105,81.66694,1827.2648,11.34172
246,9762.36665,10880.93333,94.59605,3365.14417,11.067
247,9704.25362,17645.45484,70.63946,1461.9099,9.28373
248,9801.34942,20801.63747,131.81972,3475.35491,14.60917
249,9797.30109,197.02534,35.19076,536.95146,9.28565
250,9793.86213,14657.66373,36.65411,624.35164,10.12598
251,9745.49101,15779.00025,92.08879,1900.73126,14.26363
252,9834.27058,16892.76138,100.29017,4177.46822,9.85513
253,9772.10037,22198.75432,74.84008,2120.36548,10.77558
254,9841.25558,1493.38745,116.60189,5987.83743,7.96915
255,9847.05663,4383.16296,123.6476,6085.83224,8.52202
256,9854.04478,6206.54724,66.34145,1280.93673,9.89948
257,9878.40942,7096.95396,78.04262,1816.20979,10.1568
258,9819.70201,14934.815,47.29253,957.44618,8.56848
259,9842.85374,16736.60948,112.20492,3803.18503,12.49036
260,9838.85424,21406.01415,102.17876,5879.85935,8.18792
261,9876.0754,22512.49886,104.86329,3004.23356,10.20173
262,9889.13086,8445.73269,43.70896,552.61486,10.67359
263,9985.98369,8867.55906,133.89836,6482.31633,7.70306
264,9911.30943,10931.2907,98.63707,4253.04585,12.7642
265,9825.04843,18547.1206,95.46529,3650.86146,10.25661
266,9904.89801,3432.55264,78.26624,2539.26247,9.31447
267,9928.59902,3822.97831,74.14644,2003.9614,11.48606
268,10086.75906,13961.64837,94.74291,4704.82615,9.89402
269,9869.50987,20724.54926,109.88107,3988.29188,10.87424
270,10031.96431,5214.48898,33.09864,385.45249,6.90371
271,10066.29214,10936.50498,106.03448,5455.83972,11.24567
272,10078.42707,12670.8937,81.73845,1771.56217,11.12901
273,9983.78187,22949.29662,114.03643,4031.57493,12.18715
274,10093.04614,2490.61058,63.16007,1047.07653,14.10287
275,10103.95295,4918.29483,50.21836,702.71707,15.92541
276,10060.86539,5798.62306,59.53565,672.10042,11.96358
277,10073.74659,8049.61326,57.21611,1206.10236,8.58756
278,10045.654,9536.63555,155.13093,15763.20866,7.45151
279,10022.036,12079.35506,83.45173,3223.01992,9.1134
280,10102.94004,13893.76993,131.77637,8457.16415,9.70989
281,10075.4992,15858.79758,83.54284,2674.75354,9.49622
282,10138.33511,17431.47956,46.61279,618.58559,11.92248
283,9985.65923,1546.78228,188.60795,8612.77154,10.16242
284,10055.788,6601.52315,91.76159,3163.76566,8.71797
285,10165.37656,7163.81506,64.94331,1106.01099,12.322
286,10093.90415,8884.96981,189.06684,9525.43292,10.28972
287,10113.66535,10954.92841,118.05243,6861.40283,10.49104
288,10092.31198,12501.84254,93.4534,4807.28203,7.10803
289,10135.12119,13574.77449,103.60195,2585.90949,16.69682
290,10149.08452,14485.21342,91.80345,4267.38207,9.2822
291,10111.98724,19305.7448,81.48952,1180.67408,13.66363
292,10181.87943,4281.5623,126.89835,5027.27962,10.56642
293,10285.991,4722.8709,78.4672,2215.84113,11.27867
294,10095.06019,16762.79034,85.06698,2758.83246,14.28696
295,10235.07081,18449.9212,81.80467,2040.64377,13.23363
296,10239.01716,19154.38665,92.99331,2352.69929,10.90547
297,10134.61847,19967.78735,63.13196,496.08858,14.83875
298,10326.40378,20961.22754,95.51986,3809.25074,12.78597
299,10185.01804,4284.06296,115.18562,4656.34094,10.43862
300,10266.56354,13173.30081,101.74512,3538.18335,10.30101
301,10282.04374,14836.96413,63.60354,998.6534,11.63023
302,10276.93629,15995.6009,99.45022,3264.89601,12.91403
303,10151.20357,21569.747,108.10277,4843.55571,11.08587
304,10328.15974,21942.86796,97.39047,4433.43507,9.58314
305,10228.3742,23355.75327,78.58987,1160.23381,13.22386
306,10174.84947,10882.29449,109.34126,5383.07832,12.07761
307,10346.4167,17478.85842,53.08768,819.32887,11.68352
308,10289.67198,18885.35566,69.0325,1414.53634,9.96137
309,10275.0853,22760.70834,91.4638,5760.24637,7.40673
310,10393.33497,854.49001,102.79842,3440.14123,10.43016
311,10394.77509,1085.46368,99.70305,2516.73869,10.66885
312,10358.53349,1920.63028,75.57429,1906.29889,9.88447
313,10329.94345,3755.68134,71.01283,2187.26317,7.73288
314,10327.97862,7087.05427,105.07812,2151.21861,18.06199
315,10272.7411,8718.66647,78.61263,1691.00542,12.6574
316,10291.34424,9332.8048,84.42821,3005.22975,10.7408
317,10289.19701,10055.14606,92.54625,3551.75345,9.81897
318,10362.2497,2907.95157,117.86075,5493.39292,9.8413
319,10380.29609,3535.24236,71.95564,1723.91181,11.19044
320,10444.28216,11687.5963,100.71607,3374.09518,8.58403
321,10565.3788,15481.13445,85.17651,1220.99063,15.32077
322,10476.77708,17226.72591,89.07335,1715.4554,16.49349
323,10404.74355,22198.19878,104.54694,2998.58347,12.58514
324,10433.76352,267.98067,89.41561,2161.2997,12.90049
325,10584.14584,5244.92029,96.64177,2499.15761,13.49789
326,10500.93659,18402.2416,98.43234,4253.07861,8.39869
327,10458.14344,20847.55985,162.68155,7615.81158,11.61169
328,10478.82438,2463.31417,134.9215,6928.07814,8.85817
329,10509.36603,3096.97992,93.94816,3256.70314,9.35149
330,10625.39077,7696.5041,99.02687,3742.71945,11.71593
331,10595.53646,8157.41176,83.5427,2159.8003,10.80142
332,10553.93844,13261.14661,59.90815,1524.30325,10.2519
333,10528.34183,23632.3915,60.57157,876.55402,12.22034
334,10620.75171,4658.59339,156.50269,8170.98926,8.96351
335,10632.28755,4650.38644,183.30461,8256.67523,13.02494
336,10650.81705,14149.85666,34.56107,363.03808,8.81554
337,10595.98666,14828.43235,85.9637,2474.81606,9.9666
338,10501.00152,20807.90291,124.59964,3069.99237,19.08325
339,10713.89748,21535.35495,115.68462,1437.13358,35.64284
340,10610.32703,23210.17725,34.18137,389.16477,11.21814
341,10624.7952,1297.69909,48.69406,843.94641,7.83181
342,10659.20427,6452.15442,97.44527,4953.73672,8.77347
343,10675.7308,7052.85448,96.66515,4970.42223,4.89908
344,10642.92564,10748.54612,59.81287,1555.10393,9.178
345,10663.84033,12310.87444,68.26979,3436.94733,7.08905
346,10680.25041,15495.00567,84.60462,2082.7447,11.14166
347,10691.0528,19551.60047,37.76972,287.92063,12.07883
348,10678.25186,3852.11281,53.41654,635.04279,12.44373
349,10746.64346,5357.24634,81.90422,2060.16736,14.44309
350,10762.05959,8819.08007,112.52938,3370.50119,11.96498
351,10746.14739,10934.08548,66.38433,966.24643,15.10903
352,10713.46148,11414.48291,38.48775,498.67499,9.97702
353,10692.83155,11856.82222,51.00679,646.84608,14.455
354,10742.3208,17728.40715,91.5846,2746.80787,10.34223
355,10672.725,17943.17145,78.49841,1604.01113,12.70718
356,10702.40234,18933.76298,51.66037,1103.52719,9.80294
357,10737.29248,1018.56985,59.88368,627.69671,14.96073
358,10725.29215,5797.56447,78.12461,2464.74838,9.6175
359,10809.95463,9856.53458,56.73617,1515.76395,8.78214
360,10757.28539,12653.10453,135.79941,7536.20669,7.71659
361,10765.16162,13117.00063,65.73638,699.71112,17.83929
362,10733.02064,16584.50897,103.38811,3722.86676,10.28055
363,10849.58328,17172.54402,118.97905,4072.58742,12.94435
364,10688.86898,21888.63685,91.08061,1542.8285,21.27069
365,10833.5896,22307.64179,115.01632,5300.42819,10.17653
366,10824.95548,23351.64877,64.04805,1000.26514,12.8529
367,10785.71024,23564.02019,46.43281,586.836,11.83411
368,10761.90098,23994.10425,48.37525,259.62129,20.0233
369,10741.35125,4749.64296,114.20223,5230.84836,12.34042
370,10758.12093,6225.87985,186.08405,17215.4205,7.1012
371,10769.04806,8859.96686,78.35299,1947.76831,11.81716
372,10782.37998,16466.48151,92.6897,4359.66858,8.2623
373,10908.02202,19247.09622,98.67692,2502.61655,14.3363
374,10772.79918,20124.29146,73.30063,1424.56797,11.65084
375,10751.97936,20636.70422,66.21148,1813.78011,9.95172
376,10918.83925,4377.47373,103.47974,4096.55079,9.76509
377,10993.45397,13659.27381,97.36662,1941.5084,18.25915
378,10956.79636,22694.59475,77.4186,1588.22533,13.905
379,10881.38813,23840.04396,43.89898,460.88234,8.92105
380,10917.67068,275.5426,64.65038,586.2759,13.92671
381,10949.81777,1658.18293,61.97396,890.78305,9.29756
382,10974.88953,3016.95564,86.32885,2086.37146,13.35086
383,10908.55958,7819.60649,101.91765,2635.67059,12.14262
384,10945.07432,15001.4072,75.99198,1625.02751,9.86169
385,10883.3306,17278.36716,58.61697,1258.09445,13.03962
386,10925.14042,18342.73053,82.84801,3296.50704,8.62743
387,10864.394,19305.86152,95.94375,2338.72195,12.54994
388,10995.89523,1320.18473,36.79059,377.51206,8.67339
389,10980.73586,7191.0884,76.71539,2084.98109,9.53387
390,11055.71246,10007.99185,117.711,3934.16244,13.10262
391,11013.66109,10525.55012,65.50224,1980.86095,10.00961
392,11067.32337,21076.40113,82.6863,3765.18507,9.26814
393,10987.82821,22161.73578,111.74659,4590.15216,11.23779
394,11042.05064,1936.4207,81.97012,1187.13354,13.58094
395,11042.06853,3200.36509,47.29204,1245.51427,8.37534
396,11006.34983,4399.39869,75.41499,2769.65042,10.04445
397,11127.17811,10350.02244,89.87502,3169.51243,13.64453
398,11135.61348,13281.06835,69.37515,803.13895,18.62109
399,11177.05288,14362.82551,116.85133,4827.7984,13.08849
400,11071.59894,16627.13093,57.40167,1409.5894,9.94695
401,11098.89628,21563.89917,36.27885,406.0977,11.2305
402,11020.22302,22419.4551,185.21562,9640.52702,11.30193
403,11127.05471,23300.88315,110.93254,3998.68224,9.74027
404,11199.91876,2597.4703,88.01849,2125.48512,14.52133
405,11246.00819,3531.20314,94.99082,3062.26487,9.83567
406,11090.02371,8909.16217,76.66045,1097.40732,17.07848
407,11189.46218,13650.82818,113.71796,5252.95656,8.87805
408,11120.97647,14662.44346,63.43601,956.32211,11.35026
409,11195.42007,19862.95476,69.28479,1155.46166,10.77681
410,11010.70995,22272.25698,112.74715,5105.23217,11.39103
411,11138.21096,23266.97003,92.22421,3037.65829,10.02295
412,11250.10571,673.09905,74.22129,877.73148,13.95122
413,11264.95443,5498.39749,93.95259,2273.12538,12.0017
414,11148.47103,12303.95788,51.39043,476.72244,16.26745
415,11225.73961,17916.07756,34.70106,523.58498,8.10648
416,11380.97683,4959.629,111.58155,4375.22369,9.87933
417,11169.03518,14232.24939,102.05299,4765.32291,12.07079
418,11266.26157,15245.69365,83.23959,1652.31379,11.17073
419,11270.25512,18805.90153,93.35042,4172.06655,7.7363
420,11295.47502,20306.13951,202.85896,6802.42011,13.1131
421,11190.47396,667.24343,87.99057,1102.26828,14.63386
422,11265.05256,2633.57212,83.76409,2129.55195,10.82835
423,11276.13272,3474.86785,104.98824,2157.85802,13.49645
424,11314.07257,4483.14339,88.0568,2323.5607,13.37077
425,11294.40289,12809.94403,74.95277,1380.41706,13.27305
426,11284.00584,15698.36415,48.63406,644.11761,10.13221
427,11288.29488,19409.36982,90.83782,2434.53609,14.64912
428,11343.13199,24453.34872,138.75292,12960.19851,4.71553
429,11392.74165,4226.8303,74.9824,2176.54626,13.3218
430,11418.76931,6745.86201,141.3875,7187.69803,10.92324
431,11322.20216,7884.0621,76.40459,2627.58874,11.62361
432,11365.63108,12339.45203,34.7136,331.4512,12.39129
433,11291.42149,14856.10646,93.6307,1779.7516,17.97459
434,11366.48123,16889.63564,99.65,5931.11892,6.00593
435,11338.49529,17443.37054,64.72775,563.33928,18.72296
436,11341.02618,20868.74559,71.85529,1931.64466,11.09459
437,11440.992,1072.56594,44.75962,316.80517,13.75395
438,11392.61954,1607.39088,48.95135,543.87113,9.86602
439,11414.15206,4101.3289,149.19781,6917.17148,10.14969
440,11413.94857,8415.74528,97.21841,4243.54069,7.89945
441,11437.08964,9212.71057,105.79179,5314.38734,7.80617
442,11359.44788,13642.7274,112.48373,5280.20719,8.51107
443,11442.14192,16181.61987,98.78148,4032.15447,9.38844
444,11403.46604,18411.81035,30.10794,328.38224,8.55362
445,11373.78818,23787.93025,76.12796,1545.19324,11.83619
446,11425.41128,1966.27307,67.02055,542.85365,18.66084
447,11425.26216,4984.24332,160.60287,5167.15219,17.76951
448,11484.27831,5826.40213,47.18087,834.04854,7.86504
449,11435.77007,13002.93345,55.45248,1092.80939,9.2078
450,11466.66486,21074.92051,67.75413,1982.40171,10.5012
451,11484.09754,22954.97112,70.9775,1540.49844,10.57002
452,11502.27805,2634.81947,87.92482,886.20067,25.81045
453,11412.28698,4126.98171,96.77573,3867.56109,9.95364
454,11503.05472,5085.49965,110.75852,4174.52821,9.72493
455,11529.48991,7539.41684,57.70261,1454.30958,9.6113
456,11519.28469,8092.29681,81.94707,3452.65006,9.43474
457,11583.76904,8607.81043,76.07468,1719.82986,11.98609
458,11503.62286,9855.78193,91.0911,5732.50552,9.11094
459,11555.58062,11778.46304,15.83964,171.00474,5.09587
460,11463.89128,19343.57261,89.00252,3588.0444,9.13493
461,11451.87363,20508.01332,114.87857,3174.71327,15.75329
462,11530.1594,6626.99894,146.15704,5677.45928,12.77639
463,11550.7828,6771.20096,102.79557,3554.4615,14.02635
464,11527.07882,15163.3694,85.01238,1692.7828,14.30874
465,11529.39334,15344.73454,97.12764,1520.4219,18.26262
466,11601.32525,23234.10625,54.47805,999.71873,10.57748
467,11541.99021,24364.66888,151.48845,8655.87901,8.24606
468,11663.46225,21274.47323,94.52697,2521.22637,12.05807
469,11624.56102,21983.85927,112.98746,2895.63531,10.63109
470,11730.5241,2323.12525,48.48643,359.63992,18.46551
471,11705.02409,5568.94628,47.3111,542.11536,11.00197
472,11624.94382,6395.49392,92.39305,2387.48593,9.68128
473,11623.9339,6732.70588,82.35458,3409.67776,9.65987
474,11719.93014,14214.30356,60.48735,726.24518,14.29601
475,11754.77561,22464.0652,116.56055,6658.87678,8.35935
476,11614.93706,24399.59464,165.30335,12815.94674,7.26124
477,11746.48066,1722.16292,61.14391,582.75215,13.05423
478,11759.81007,13086.31323,64.96998,1170.40082,10.28976
479,11698.40404,23196.51402,125.54665,3006.13255,20.37781
480,11979.4089,8197.74378,98.62118,2645.80783,14.3017
481,11856.2441,10326.42409,29.66887,284.40505,8.62318
482,11824.54213,13683.00736,96.34539,3206.46614,11.02597
483,11852.61578,19937.16356,86.77802,3086.96034,11.51969
484,11906.17692,20334.23186,129.6083,4055.9206,13.0622
485,11909.32766,2483.53264,46.22339,626.39673,10.35005
486,11913.41124,2701.91369,78.65683,1779.17932,8.86086
487,11880.11341,3752.71745,34.91545,216.73403,12.73636
488,11810.47609,5259.2744,88.35986,2152.74847,9.83027
489,11881.83003,7233.98506,60.35249,948.80126,10.50894
490,11935.52786,17192.87733,65.71517,1120.20627,11.45818
491,11831.72983,21918.22149,93.8957,2703.18456,14.39638
492,11948.42457,3424.03028,60.22086,834.2223,9.92757
493,11950.87984,4066.72976,52.27439,496.95043,9.82585
494,12062.51745,7531.46256,56.0532,859.45196,11.40905
495,11996.50019,16468.3164,86.21675,4210.80109,8.38344
496,12020.32234,6222.93623,55.12899,815.83685,9.44176
497,12016.43189,8832.08314,89.22678,3448.89034,7.61581
498,12000.42083,15935.58755,102.11465,4596.18189,10.12768
499,12016.3112,17661.46268,124.10951,42022.06737,2.04052
500,12126.47667,19142.25735,77.64311,1032.2356,16.86365
501,11980.61244,23542.3074,40.10427,643.78997,7.42566
502,12072.95696,12729.73255,51.0831,678.31573,8.85049
503,12012.17829,18299.16128,140.61365,6916.91999,11.07125
504,12137.17407,1997.85508,45.35673,567.08902,9.64546
505,12093.43529,4697.11026,73.33098,2344.60044,8.77639
506,12134.39283,8076.18968,133.17043,6647.15923,9.98795
507,12124.62951,8130.49418,142.43274,7634.10017,10.79822
508,12106.92916,9424.88032,89.28563,3306.57616,9.4475
509,12112.54626,14058.40979,97.80283,6752.41176,6.61754
510,12063.22619,21974.33623,80.7809,2106.17855,11.84854
511,12099.2221,22701.10141,45.21028,635.25368,13.65109
512,12222.38794,7083.74762,103.12415,2686.75004,12.46594
513,12178.01297,12474.89872,58.281,433.45274,13.65699
514,12142.05988,13894.86305,137.62119,7849.66417,9.0501
515,12164.76296,15529.93095,83.68333,2888.47819,9.91816
516,12070.0423,20228.46267,109.99204,5117.9843,11.15572
517,12166.36535,20788.1888,139.31999,8383.47046,7.05549
518,12253.21078,2625.33505,52.07326,932.34191,9.80893
519,12199.68875,7560.07712,68.87025,2165.35482,8.66478
520,12289.46226,10459.93344,96.92562,1882.82042,12.75767
521,12232.73582,14398.93875,92.74449,3381.65164,11.26527
522,12150.77931,14879.76255,54.04626,520.09948,14.6518
523,12199.71713,23817.83425,94.02696,2615.96216,13.34803
524,12209.63174,24263.34534,43.63701,539.6686,10.08641
525,12300.60989,5505.91339,52.26946,928.48741,7.67684
526,12306.85675,5896.51891,100.26826,3529.54352,9.18631
527,12361.70351,21422.93211,112.29231,4124.92696,12.79504
528,12280.73733,23017.19932,66.91121,1520.37433,9.27159
529,12358.12277,4047.67397,37.95983,482.64061,10.16368
530,12306.09354,4950.76026,74.85783,2268.58551,7.79129
531,12462.62452,6487.75154,62.81964,1366.15859,9.51593
532,12284.71898,7145.24447,101.66584,3531.77177,13.1338
533,12254.9437,7987.54851,100.76003,4100.72392,10.73752
534,12298.94723,21247.29331,108.65446,3730.47711,11.83316
535,12347.75104,3132.78504,97.11991,2330.51311,12.2393
536,12371.09886,3820.39084,62.47818,963.81587,11.16038
537,12426.53946,10556.80572,108.24521,1838.48041,15.14082
538,12319.02624,20826.38919,97.52823,4146.63548,9.36396
539,12346.16342,22186.15562,87.67296,1614.18018,13.79639
540,12527.81182,13915.19011,113.89102,4183.86933,11.09175
541,12513.14864,15789.03666,63.1186,1227.69088,11.92894
542,12440.77258,19525.64329,138.13037,54310.86924,3.4492
543,12465.49143,21530.25376,106.2859,3947.32659,10.83359
544,12588.54474,23432.04918,100.75809,2531.02176,11.84298
545,12436.84136,24793.74676,41.24904,553.55581,7.03232
546,12424.05072,2704.95546,58.58652,719.637,15.33901
547,12476.20979,6395.63792,93.75244,2836.69331,10.16718
548,12518.08348,8850.14903,112.03926,2780.40082,14.05993
549,12518.77801,11254.50062,37.60526,216.3274,13.00074
550,12420.0189,14542.81243,57.01618,781.76315,14.55255
551,12538.93805,16967.82873,99.61309,2890.72233,12.2904
552,12462.23353,18059.87139,48.73177,631.78752,10.91034
553,12538.03009,18851.67141,136.96102,9383.48691,7.27343
554,12573.31994,22753.83612,74.2202,1849.79858,11.16538
555,12740.40506,4348.8257,107.33116,1980.34309,15.18922
556,12588.32874,13816.60076,84.82928,2869.10367,13.16783
557,12582.83462,15315.81784,86.29942,1283.55738,16.95299
558,12734.87395,7631.194,90.32187,2255.37155,9.01906
559,12666.28122,9046.27304,83.35806,1579.89811,13.70061
560,12654.58388,9762.18331,95.10735,2192.41725,14.04144
561,12654.24949,13483.65856,70.52873,1553.10448,10.99557
562,12693.80796,17161.96684,98.38058,2851.99499,15.18408
563,12628.46422,17720.2447,48.26568,856.25686,8.80132
564,12591.4287,20234.3899,62.73209,574.96739,17.06081
565,12601.9697,23539.1862,214.35772,8541.10819,14.033
566,12651.63707,25189.63742,56.50586,929.32776,10.06125
567,12691.30955,3398.06597,56.04351,985.3505,9.18674
568,12610.14828,8438.8956,108.96666,4329.47419,10.38999
569,12752.20408,23852.76285,150.72708,10342.92522,7.51355
570,12741.1776,10605.70586,64.17942,1622.18248,9.69111
571,12762.89936,12654.0737,38.82223,489.57595,8.94046
572,12749.77988,15481.90739,56.81356,1027.16079,11.53673
573,12800.10401,16475.06681,103.59863,3293.93934,10.66879
574,12740.06205,17339.77028,66.53882,2138.70673,8.18702
575,12710.34843,21457.32595,58.93983,996.5485,16.00511
576,12741.32551,22217.48127,45.75453,390.09983,15.55301
577,12735.02983,22502.62179,63.97542,1413.7438,9.07334
578,12899.50041,4036.74412,174.98581,4635.77105,13.47092
579,12828.19974,4279.14116,109.84509,2060.60182,18.51183
580,12776.60914,7665.53527,95.48668,2771.72372,10.6666
581,12857.02357,10226.46752,74.4139,1733.23313,13.45491
582,12903.98805,14867.6872,101.21012,1219.90445,26.22557
583,12666.28687,15182.81682,68.77895,1168.73987,14.69182
584,12796.25402,16062.52666,78.16673,1006.86642,19.17052
585,12939.71648,20568.14985,103.02378,2944.66804,10.81687
586,12891.04983,6899.62578,46.92815,549.06647,8.6399
587,12843.4517,17979.01546,43.48743,678.49981,8.49164
588,12870.84981,18559.95955,61.89594,1909.89249,7.16322
589,12894.82615,4921.82657,88.32251,1711.6303,15.12768
590,12956.23247,6147.41902,52.05258,817.70997,9.3138
591,12916.41017,9644.12047,80.02722,1484.29741,12.20554
592,12940.48582,12496.74231,30.93842,314.03046,9.66768
593,12992.21424,3654.28776,86.17039,2673.28228,8.1519
594,13001.75087,5366.32463,122.38739,4059.54988,11.30431
595,13010.56571,7142.47951,81.72301,890.11773,16.48392
596,12975.75405,19684.50607,65.65231,1891.55916,8.3734
597,13001.00155,21257.62051,65.04312,1522.86579,11.10687
598,12974.01897,24601.95487,113.14003,4428.93401,11.14765
599,12921.62974,25304.10209,58.52716,682.12891,12.32502
600,13071.82043,3252.82591,20.44704,215.95781,5.24575
601,13045.82679,10995.6799,103.48605,1647.23994,19.51003
602,13114.00973,21889.11734,91.16557,4713.32107,7.66772
603,13065.62999,4147.08047,104.08376,3638.3873,11.86705
604,13067.36028,4684.85326,61.8608,1205.63119,10.62862
605,13109.45166,8322.46183,73.31586,2111.63678,8.3088
606,13145.72824,11584.16689,76.35654,1143.69085,12.8663
607,13107.75979,12094.14769,141.12008,3433.44767,12.02837
608,13097.60463,14902.47225,67.77892,1157.47444,14.15033
609,13058.08414,17015.38218,97.31993,5046.78749,8.99926
610,13072.87853,20228.08005,46.16987,462.77488,12.0531
611,13126.39648,20607.79369,94.03488,5741.0454,6.9312
612,13086.51337,22961.74881,95.55816,3456.19775,10.58151
613,13024.74589,24181.35379,113.04547,5755.10307,11.1744
614,13133.01279,10359.20241,86.52204,2201.01749,12.60245
615,13168.0855,13007.47996,91.73798,16633.15892,2.27783
616,13102.69445,15723.80262,60.21248,1384.63698,9.74688
617,13207.64352,7504.03047,50.70731,598.4664,11.93721
618,13187.18613,9843.32793,105.12758,1923.03694,18.25383
619,13194.92023,16237.93231,111.36415,8164.56194,8.95663
620,13295.60336,18322.89667,119.99035,5945.40961,8.93272
621,13212.64472,19018.43197,54.07588,1446.03346,7.91659
622,13280.4383,19315.4295,86.12397,2064.27151,10.78699
623,13176.53077,22756.50967,94.88829,2401.92196,12.31419
624,13334.35969,17994.38635,77.95994,1840.09981,10.92703
625,13339.54938,18555.73565,87.03089,2793.53489,12.2725
626,13253.95235,25482.80454,40.5659,439.6969,8.89221
627,13373.55865,6469.07981,114.16552,6570.23112,6.99887
628,13307.86082,13710.0056,75.35259,1919.30648,15.62898
629,13355.0654,22198.30107,88.38197,2205.64115,15.39015
630,13356.16269,4511.24729,79.5499,2116.43469,12.70304
631,13382.74719,6608.02682,107.89507,5486.49816,9.55339
632,13394.93132,10653.19855,73.69599,1478.7862,12.96556
633,13369.07639,13356.74887,82.40001,2629.80518,12.77673
634,13378.77616,14133.06755,118.38437,10551.45417,6.49739
635,13350.87158,20761.31145,118.16946,3704.44926,13.592
636,13457.81418,21319.30106,87.4266,3190.1489,11.08663
637,13491.3607,4225.75339,126.93567,7410.47805,7.84589
638,13435.24263,5709.38901,63.6226,1651.98711,7.5472
639,13482.42133,12208.42857,89.05794,2803.9589,9.42844
640,13430.42897,14755.76636,37.68902,475.51984,8.73116
641,13341.37765,18302.94813,101.71576,4679.72034,10.89367
642,13515.43102,19951.14508,90.46999,1838.02012,13.42548
643,13441.68803,22029.62166,158.3405,8547.51789,10.57621
644,13393.27609,24772.84319,40.24201,386.61136,10.04063
645,13658.44218,7560.92215,74.12151,1903.95513,9.92593
646,13555.09638,8366.64766,89.42544,2877.55156,8.98505
647,13576.59788,12730.12999,51.5818,727.19407,16.69112
648,13590.05331,15537.84647,75.71143,2989.68425,9.21788
649,13570.95442,18691.33032,100.43881,3600.37112,13.53617
650,13571.33356,23650.41756,95.66597,3995.57635,8.83807
651,13447.37594,24126.79896,81.72477,2471.53593,12.90391
652,13526.07042,24417.52587,52.67616,691.78841,18.02159
653,13559.40046,17465.48131,34.65823,380.03332,7.97128
654,13585.3801,12023.14604,92.42579,3335.13126,10.76888
655,13703.44436,21497.55294,96.07644,4755.17169,11.25755
656,13656.42348,22127.07675,103.36699,2509.50814,13.70394
657,13684.12211,7535.70659,71.23729,2092.5884,8.21281
658,13703.52391,9812.98467,141.27239,10390.38948,7.08387
659,13729.84366,22988.40071,85.27777,2173.42142,12.09271
660,13666.18093,25287.37537,74.39966,2743.24083,8.67305
661,13764.66651,4973.67703,45.64202,620.0297,10.65537
662,13717.50129,5216.25383,91.77149,3273.53359,8.27502
663,13845.84828,11181.57116,86.27391,1827.77063,13.26095
664,13816.95384,13359.88853,105.74224,3636.5345,11.82681
665,13780.138,16081.64468,84.70651,2705.15147,8.95899
666,13863.02135,19280.69348,80.26531,2006.0914,11.97529
667,13664.92478,6520.81381,117.60277,3628.13843,12.11531
668,13901.58811,8934.61746,79.52211,1052.5573,19.99692
669,13796.75719,14691.49306,49.65713,435.66723,17.87928
670,13764.96582,15204.94467,86.2822,1955.85433,15.444
671,13789.25216,17264.64733,43.23452,494.48088,9.00375
672,13804.29485,17683.82724,35.22269,492.79509,7.57302
673,13824.19497,18481.58678,75.51034,1843.13085,12.83649
674,13795.58172,22672.11186,160.20184,8766.58989,9.53107
675,13726.24266,23491.33122,91.15455,3045.99329,9.75609
676,13811.28192,24521.75109,67.58494,2081.11083,10.45023
677,13867.98105,9368.87793,64.55395,1451.4733,9.48123
678,13859.42656,11580.52548,71.27372,2289.3057,7.80883
679,13911.97959,20762.05928,126.5258,7678.74901,9.08895
680,13872.69962,24457.99295,67.47139,1895.95702,11.94843
681,14032.57854,8691.51408,92.37137,2439.24284,13.12129
682,13944.35817,10560.54746,52.0728,656.10138,12.80113
683,13817.62439,12031.84323,75.41208,1244.77718,15.30574
684,14021.52977,13465.29159,107.5444,3774.66397,14.83316
685,13860.60855,14005.51274,91.72467,2728.9093,10.84243
686,13924.41201,16884.27392,56.95479,697.92958,11.42341
687,13894.30489,21692.1797,114.49246,4980.90258,9.95086
688,13903.28439,23831.33699,97.72054,3937.42952,9.56476
689,13926.0741,4146.12113,78.54261,1728.41534,12.14243
690,14043.2449,6800.92142,111.78506,4280.79264,10.38778
691,14018.92598,15194.92423,70.15924,1855.32895,10.77929
692,14030.58204,18335.14725,129.9788,4763.48146,12.03442
693,13961.35467,18931.22348,127.74137,22380.82319,3.55536
694,13987.13682,25426.3872,80.74254,1361.70029,18.85424
695,14014.63582,3810.38623,39.6117,368.2614,11.35148
696,14050.82635,5219.9972,73.14239,2672.41871,6.44419
697,14080.23914,12636.46915,80.88439,1727.03608,14.17638
698,14028.79348,13688.85889,128.87211,2835.07776,20.15675
699,14092.021,14819.13212,83.44324,1970.69131,12.73582
700,14019.04797,24833.97098,67.56568,1567.04816,12.15355
701,13983.31853,25744.3495,86.27114,2242.63219,9.00479
702,14034.72408,6012.12407,107.22497,4340.15079,10.10155
703,14153.09233,7828.52335,87.21827,2768.04496,11.9921
704,14070.12932,9520.53839,105.0917,2181.34109,23.47654
705,14107.55341,10170.32192,87.10332,2113.21587,11.10334
706,14124.94335,15585.67196,41.93275,505.71923,11.4911
707,14062.13707,4263.15554,66.13543,1051.73968,11.97681
708,14194.16807,4755.78353,74.03711,2425.24863,7.26068
709,14153.81989,12144.29405,51.17759,810.51596,10.27508
710,14137.82734,13133.82255,177.87799,18971.04711,5.99463
711,14142.35563,18038.67911,137.02523,6266.46023,9.82016
712,14230.28833,19912.79742,87.56921,2598.04203,10.35429
713,14183.6928,21005.90022,77.93993,1782.40075,14.87756
714,14213.32938,23063.21836,83.28724,2728.59918,11.09771
715,14206.02335,7116.63345,59.70152,915.07999,12.9906
716,14186.77833,9474.11988,98.43583,1942.84741,17.50955
717,14142.17256,20512.12261,163.91233,3854.07058,26.9095
718,14172.65124,21564.5995,131.51064,4796.94715,10.83608
719,14250.45035,22380.4987,43.29061,498.68705,10.14966
720,14088.91301,24727.49772,69.35752,1546.96541,12.38104
721,14248.1956,5649.99357,99.97665,4092.46599,9.4832
722,14286.72735,11243.64612,135.55981,9299.83928,6.91023
723,14167.10309,13212.75814,163.91336,16257.78869,6.90248
724,14271.07408,15861.25607,71.98289,1131.30758,14.13818
725,14238.27476,19550.4284,42.43295,510.5278,10.22031
726,14183.86648,19889.59599,105.45008,3363.63807,11.66507
727,14266.77542,3922.08752,38.0909,487.0699,7.93192
728,14319.43598,7622.37939,95.47397,4271.30587,9.79474
729,14371.70767,8909.00981,157.84195,4659.75698,15.24161
730,14306.7998,9119.42204,75.90281,1628.27865,12.24336
731,14254.97439,12556.82283,59.81626,1643.61807,8.61154
732,14313.67053,16734.11912,49.81546,522.29588,12.15049
733,14313.50615,17481.62483,59.91458,881.31398,10.54093
734,14233.68259,23874.18892,93.39452,2036.84701,14.66213
735,14378.46973,5406.61297,85.24197,3407.00131,10.85336
736,14464.80375,10959.64957,95.69402,3874.21998,10.30544
737,14297.97726,14185.18968,74.91823,1776.72362,10.24191
738,14445.23733,23551.83076,91.12027,3004.05089,8.65781
739,14405.69212,4686.17336,83.49034,1496.85996,14.74953
740,14423.51942,8024.75398,50.87812,1067.18582,9.49653
741,14409.72106,11757.0666,60.38147,1041.8129,10.15329
742,14376.46235,14999.01144,124.07279,4316.67416,14.98467
743,14439.74602,17848.39914,67.59918,1417.05284,13.79447
744,14426.95468,21103.06907,71.78348,2294.39468,9.7955
745,14584.70354,16140.65547,97.64853,4802.45613,8.88763
746,14519.51357,18386.98677,71.14826,1686.05692,12.26957
747,14526.85761,19073.04585,54.53967,889.35012,15.81536
748,14541.91779,20501.57407,98.38935,1695.93194,18.56968
749,14516.9803,24434.87641,66.43184,889.66179,13.61114
750,14535.19392,6878.59697,81.47939,2347.8866,7.38692
751,14498.70717,10978.34281,103.45775,2586.70712,12.98746
752,14583.5367,12120.93515,72.38255,2262.9465,11.36096
753,14478.86579,16842.33323,69.01713,888.91143,11.84864
754,14567.15861,21939.51503,75.73938,1226.24294,15.50486
755,14553.12159,22474.42897,84.1001,3985.4751,7.77732
756,14551.04745,22952.37517,89.84361,2563.71373,9.39283
757,14601.89764,25570.74185,102.26544,2418.25387,14.41794
758,14615.08122,8849.6233,74.21188,1544.63119,13.03843
759,14526.37458,11092.98464,111.44547,3920.44459,10.74428
760,14708.79284,19349.65783,90.48846,3369.11978,10.64496
761,14611.1225,23668.30317,96.88238,3552.36563,11.79488
762,14641.62812,8001.37253,58.56776,1017.72185,11.36345
763,14674.41459,8339.54268,51.87371,1054.22919,8.95334
764,14721.79341,9943.29027,90.48446,2884.29577,12.33612
765,14665.28305,10235.71522,95.40348,1990.17453,13.23363
766,14653.98881,15889.10898,65.75556,1822.44578,9.98879
767,14611.03419,17037.31389,56.20488,540.69834,14.8331
768,14626.09649,22276.15562,85.62908,1401.77818,15.53826
769,14673.80362,25672.28073,112.45931,3474.83591,10.90916
770,14694.64351,4545.34176,41.71502,359.92077,10.67823
771,14768.39899,13677.18698,77.41892,1689.88025,13.88927
772,14718.7009,14796.06062,76.74359,2622.78669,10.09037
773,14754.13765,17816.53375,160.04458,89.65475,896.30304
774,14719.77458,18720.49107,53.86037,829.04125,14.70543
775,14608.53626,19818.35499,115.73119,3009.50121,14.94428
776,14760.15265,20552.28421,96.37604,2865.92936,9.80311
777,14860.61315,6170.98597,131.89315,7271.73709,8.10271
778,14826.00454,7088.46757,62.13395,667.28491,21.34028
779,14842.9887,7517.69381,109.76088,3390.26412,12.07002
780,14706.82095,7601.60507,109.95955,3171.6256,13.11615
781,14735.0831,10694.66404,78.78351,2137.25224,11.77422
782,14761.19897,11922.25696,48.46668,1030.60622,10.32596
783,14834.86683,13970.55958,69.01629,868.62726,14.01964
784,14704.78101,21320.27483,69.53278,2441.19675,7.92693
785,14839.91095,24108.92433,62.50435,923.27532,11.71445
786,14895.6618,4881.81003,56.97482,614.5916,9.78591
787,14794.60638,9007.06294,81.48427,1618.17015,17.16777
788,14881.99361,9606.13394,103.53825,5165.60228,11.65917
789,14809.60997,25462.83658,77.77546,2249.43229,10.10551
790,14847.35273,5371.07816,72.95201,1827.75221,9.28351
791,14776.15704,13708.84184,130.91278,3684.06516,17.4911
792,14917.93,16423.42447,94.03663,2414.86856,12.24042
793,14801.64406,25681.23093,93.51017,2403.06405,12.37642
794,14899.46281,9839.32635,95.81263,2672.61885,10.31344
795,14882.66368,11899.65164,49.37642,665.29244,12.20361
796,14949.272,12519.68533,104.02235,3563.97315,10.22186
797,14847.23122,13735.47293,102.35563,2427.20279,15.23676
798,14953.5573,17844.72555,44.24001,478.91038,13.68227
799,15023.62426,23278.60587,87.61573,2776.09011,12.0415
800,15052.58417,12901.10713,67.05747,1440.17198,11.04141
801,15124.02868,15267.4352,65.27791,674.59548,15.94411
802,15015.07937,15497.44558,39.23019,593.86333,7.79303
803,15030.55129,17005.93746,59.40878,1267.60389,12.52311
804,14936.73093,19416.6354,99.7318,6322.43977,7.6942
805,15017.91136,20534.18095,128.36904,3309.1578,16.71018
806,14979.14199,21836.47713,85.46676,3688.64248,8.92186
807,15026.88501,23447.15646,88.85902,2205.48906,15.44407
808,14932.20438,6103.49952,126.01672,5693.20385,12.21192
809,14924.45855,9562.30867,119.07267,5665.13685,11.00127
810,15110.65816,19086.03953,65.57776,1681.03927,12.21747
811,14984.82751,20435.27608,86.55549,2201.9859,12.55814
812,15073.96374,25130.23405,55.83593,802.57758,10.19349
813,15136.37396,5231.89051,46.89508,590.34306,10.17269
814,15194.85547,8169.26216,85.35309,2127.0756,9.9362
815,15251.03265,8428.45045,91.2162,1301.68615,16.15417
816,15109.05075,10962.6659,46.97647,1203.11066,6.41403
817,15206.11895,16870.60732,72.76313,1400.12045,15.87144
818,15183.75091,17479.12942,99.69843,2970.3176,10.84833
819,15084.17313,25679.95148,45.58271,577.08879,9.37362
820,15183.93798,7011.05162,115.42129,5833.82625,7.97517
821,15142.84246,20016.31594,61.49326,706.14751,14.02454
822,15316.81088,22910.1596,97.50038,2503.61136,12.39601
823,15197.17039,8223.29297,228.92907,6783.72976,18.04723
824,15235.87033,9303.65377,96.12714,3667.94935,9.43746
825,15267.8842,14012.66927,45.3686,577.37296,8.89298
826,15220.79337,18219.26253,52.00392,808.84749,11.41654
827,15300.3624,21502.26532,81.56892,3280.85421,7.97423
828,15275.37486,24362.54373,110.19788,4643.28869,11.67922
829,15099.57948,24734.5542,84.08932,1008.30088,19.40125
830,15424.52829,10357.9594,102.45677,2863.18034,14.8554
831,15240.81863,13144.65082,87.54969,1821.29731,13.04625
832,15278.28666,4943.47214,16.53105,140.09183,7.05025
833,15411.21237,6602.26648,73.70777,1663.52006,11.24738
834,15390.46842,11279.02761,89.35702,2484.44635,12.85119
835,15405.1108,11869.49506,72.83985,2354.5171,7.75429
836,15384.25405,12775.44241,51.43335,852.12381,8.65478
837,15362.41555,15784.35431,137.19191,6712.93896,9.54138
838,15354.04002,18462.06124,129.14879,9876.92161,6.87489
839,15290.5557,20773.07863,82.05639,2947.89516,8.86848
840,15255.05227,22341.97726,87.6805,1775.41601,17.48378
841,15327.40813,23593.70603,75.55765,1840.8479,9.34683
842,15361.21759,24337.10896,106.46612,4807.96035,10.48599
843,15495.49296,6284.92628,76.38433,1236.39498,13.79826
844,15531.36153,7507.56592,106.74192,2915.51386,13.42199
845,15444.42087,19037.74281,86.37002,2650.54615,10.72411
846,15421.06483,22118.35333,72.91042,1335.90784,13.74241
847,15513.88143,23027.02041,147.48017,6312.02949,11.18742
848,15500.39927,9766.37327,64.81231,1280.20875,11.16097
849,15465.93319,13410.06343,76.01948,1114.45533,15.23889
850,15457.04253,16170.29673,187.36078,16134.91835,7.70377
851,15584.98539,17664.43757,95.53737,2833.32294,10.28333
852,15482.63651,19822.15073,59.04085,1149.32895,10.82963
853,15456.66709,21246.76906,70.42676,983.67831,13.48694
854,15449.35454,25500.92208,78.22636,1278.75766,13.31342
855,15635.99195,8914.5291,79.57744,1610.50524,18.80951
856,15519.25979,11243.58629,66.98273,1556.68587,13.47164
857,15518.44407,13732.65289,61.47275,895.7738,13.43525
858,15512.31267,9722.70826,139.52785,2986.84921,20.46787
859,15579.56418,10546.96475,94.14779,10228.98534,3.48851
860,15633.05121,10928.49632,77.82582,2360.8887,10.48858
861,15607.19731,14955.27312,59.85382,880.327,11.80523
862,15488.31674,16401.34381,173.87789,6912.45496,14.97252
863,15541.18832,17423.50969,130.15226,3749.33384,16.95025
864,15587.68228,7634.90795,86.45855,2280.63354,9.97129
865,15606.10066,14462.50272,69.52456,1330.20474,10.35197
866,15605.80695,19414.41831,83.94842,3875.77255,8.26865
867,15636.47744,6274.78502,68.24091,1441.22637,10.85304
868,15785.42643,8734.88679,96.13857,1919.23499,17.66712
869,15673.39423,9834.30384,55.02759,643.24395,12.59926
870,15723.96827,13806.03237,63.34536,804.12951,18.38879
871,15657.42634,17617.75973,101.72188,3976.02435,8.2588
872,15813.69402,21871.73923,107.79769,4350.74833,9.72366
873,15709.96102,6620.26987,74.45299,1880.82111,11.27552
874,15778.638,7987.91655,56.38297,821.33743,11.33101
875,15810.63936,8301.54933,96.21886,2305.46466,13.34155
876,15823.86234,12981.3593,37.18312,302.04885,11.62342
877,15790.18494,14005.563,66.7651,1511.37417,8.60816
878,15716.04443,16558.76681,96.15365,2676.08058,13.48962
879,15715.50423,20224.42249,79.92509,2078.90636,11.79033
880,15794.19069,23981.72467,70.73253,2409.866,8.93626
881,15889.74502,13449.71672,96.59943,3080.07048,8.15942
882,15905.22626,7482.54197,27.65384,296.13643,8.46259
883,15846.27513,12307.86019,74.88443,1309.50266,11.35436
884,15803.51592,16198.0312,90.12147,1846.1954,12.81062
885,15958.67604,17097.38719,91.38725,2838.61177,12.44652
886,15921.80055,18108.94041,142.95578,4553.10568,10.71323
887,15887.21327,19262.55511,63.23477,1539.96971,11.1598
888,16020.51145,7122.80874,55.74006,724.26252,13.2264
889,15972.92543,8620.90899,75.77905,792.50681,16.65093
890,15972.55859,15436.93235,29.1029,231.725,8.48782
891,15936.64266,18111.97727,118.14954,3608.75742,12.49115
892,15940.24201,21277.75623,55.38448,606.58578,11.85575
893,15865.5888,23212.41876,158.91327,9192.22396,7.92764
894,15884.10537,24283.01949,88.33034,5089.59853,9.25758
895,15998.73239,24669.8346,115.67612,5393.82222,7.82059
896,16062.16435,9376.77953,120.93815,7615.99981,8.49632
897,16020.77892,10918.92867,95.21083,2849.74441,10.73698
898,16011.00672,18750.54945,65.63238,2228.5553,7.34561
899,15924.01793,21907.75068,75.11649,2496.76296,9.7133
900,15995.10061,22513.73217,66.27362,1578.90491,8.80877
901,16014.00586,25602.97557,55.54332,1327.48711,14.77533
902,16078.47945,12699.02099,85.81392,2220.1497,9.35904
903,16048.95391,13028.92464,42.87699,514.58354,11.8013
904,16052.41753,20855.93034,64.00939,1070.60484,10.68401
905,16098.71222,9915.8696,69.56031,2411.16414,11.15737
906,16114.34639,17131.95956,150.83703,6690.52906,12.18496
907,16140.46155,19615.48115,108.32017,4501.45031,10.55126
908,16185.85962,13639.20268,83.40377,1875.74378,12.30636
909,16217.29802,17266.02619,94.41457,3320.75011,12.67987
910,16168.2551,20127.4153,39.03012,298.89257,12.703
911,16177.06693,20424.89081,51.07809,1072.36466,6.20352
912,16227.90444,13250.4659,53.96821,661.3278,12.89974
913,16253.58969,14323.07072,65.30277,639.70397,14.25703
914,16247.09296,16254.27787,147.88733,6087.61451,9.6956
915,16357.98788,16787.65092,96.50272,1505.70549,19.42966
916,16307.63438,17548.56424,119.94947,3739.5713,12.54517
917,16126.0275,18009.49199,94.10364,1908.91223,14.92008
918,16194.26203,21580.28704,60.54134,831.75077,9.71296
919,16233.03883,24939.05044,81.94216,2300.85662,8.1651
920,16268.34787,7257.30196,55.72771,1341.41549,7.66025
921,16384.60824,7782.32155,48.52344,445.95935,13.93471
922,16227.37893,8279.32883,75.71141,1371.31632,11.63563
923,16360.47245,10361.97565,59.82284,931.02851,12.49983
924,16287.73129,12020.01274,60.19117,1031.28647,11.31245
925,16288.58557,14573.85303,40.45725,312.93383,11.1872
926,16288.63716,15510.6869,51.1258,894.24623,9.12126
927,16353.73932,23064.14707,47.48567,558.04584,13.68714
928,16336.47047,9457.6972,155.92802,15303.00913,8.95847
929,16402.99477,23697.1301,29.19035,236.60392,9.10017
930,16569.85669,11485.72162,89.35004,2400.68471,10.97774
931,16418.41492,19142.36086,70.29037,1883.92398,7.95688
932,16335.51794,8303.9111,50.37161,652.32032,11.81416
933,16419.24628,19779.9744,74.38938,1144.84541,14.76781
934,16614.21536,24275.16623,59.89823,783.88123,11.48569
935,16521.59511,12838.75986,29.00759,278.99782,7.77181
936,16499.33823,13555.02019,70.66638,798.80288,21.63315
937,16539.05031,14263.53112,52.99406,675.90142,10.73337
938,16507.20847,22376.66264,76.10079,1406.64814,12.54437
939,16592.44106,11001.78569,96.35577,15590.24162,2.71464
940,16563.8493,22662.19936,95.09636,3456.63156,8.03843
941,16626.40664,23238.9613,101.09841,2643.33923,15.27432
942,16675.71526,24660.57269,98.18798,5129.53706,9.31078
943,16664.74005,25046.52951,107.69315,4596.42552,9.76794
944,16679.8692,8976.4565,64.36063,1621.40407,8.12711
945,16615.65135,9875.11845,111.70296,7238.36033,5.81733
946,16607.64067,11438.95792,95.13935,3276.53711,10.1315
947,16661.28802,11801.26177,62.51142,1244.85778,10.69515
948,16695.9235,13020.97103,29.02739,230.26169,12.28836
949,16662.13524,16970.93862,62.01512,1218.78637,9.55372
950,16655.15762,17319.3194,164.22122,10139.0624,8.61717
951,16722.44433,18046.73303,72.69948,1255.83435,13.18151
952,16701.13088,18845.31586,81.24186,1716.03535,13.68084
953,16612.78164,21876.99779,80.05034,1591.82139,9.87179
954,16655.48521,7419.86403,33.49995,353.63035,7.99867
955,16623.93927,7866.20195,77.40965,1298.89382,15.06167
956,16651.96514,10693.23763,109.47992,5964.36273,9.0364
957,16765.33234,14636.03658,79.45315,1685.27936,9.51526
958,16774.01609,19755.37726,102.21448,2232.39355,11.32828
959,16669.8771,23339.90696,88.43922,2132.88953,11.06071
960,16675.07747,24386.77253,93.40743,2342.87495,8.95186
961,16766.18098,8338.33503,77.10602,1035.88785,20.00706
962,16808.33476,13724.81356,85.31383,2381.4434,13.19282
963,16754.7499,18357.31651,30.17636,375.67794,8.18347
964,16720.45406,23167.45471,79.67296,2099.06075,11.31161
965,16797.3302,13907.33007,70.16645,2016.94009,8.72555
966,16832.59951,15117.71518,57.09533,967.84212,8.54821
967,16776.15538,15501.65229,46.37583,681.23641,11.58579
968,16824.25195,16300.40485,72.91486,1613.64534,11.8841
969,16891.88338,17844.68929,56.38771,512.37666,23.89414
970,16822.71077,19499.47433,60.92244,1381.82908,9.966
971,16779.94752,19742.37891,82.2424,1749.38487,12.54647
972,16932.63465,9020.13781,57.59566,899.43422,13.74885
973,16871.9509,12002.45722,96.2991,2494.1585,9.01318
974,16860.441,13495.83273,48.47688,1186.71978,8.66979
975,16966.00602,20200.50629,54.00199,396.33493,14.60606
976,16834.11604,25004.47107,102.02622,5540.81623,10.08124
977,17020.39565,19186.24656,93.3213,2248.87705,12.84305
978,16975.38522,22105.68972,63.95045,533.15722,18.81677
979,16936.00185,22704.61452,107.08285,4088.14604,7.4588
980,17050.61269,8479.56855,116.06326,4298.07607,9.55095
981,17035.23018,12686.71806,84.28536,2143.9303,11.84775
982,17057.86627,13026.9586,70.90364,1489.44338,12.88431
983,17003.10089,14520.73517,78.78148,1878.42192,11.48921
984,16901.98079,15516.41685,51.2001,614.18297,15.41848
985,17013.29708,16452.60674,97.6905,5933.95934,6.45245
986,17005.17696,18540.23446,39.83935,569.42706,8.35179
987,17083.16537,23911.13606,107.31284,3267.35232,14.50788
988,17136.34259,23786.22381,100.23141,2940.25868,11.93275
989,17131.58452,9060.93653,82.49051,1720.36509,10.66492
990,17078.93524,17179.79214,103.66322,16791.21593,3.46649
991,16973.20552,22172.09303,88.45701,1167.78989,12.20763
992,17071.06665,24600.55314,102.71759,4494.20659,5.73204
993,17227.39487,11067.01334,110.79526,4123.90284,8.95487
994,17150.32948,13026.24093,68.07946,1668.01903,10.66452
995,17196.12097,15812.3686,70.79486,1082.28573,13.12385
996,17127.4827,20868.85071,50.60785,361.62107,11.89786
997,17205.47183,9444.97842,77.78342,2336.69583,8.5876
998,17288.86159,12231.70001,80.47965,1670.52207,12.19421
999,17280.63059,13673.22407,73.78542,1042.78769,12.87964
1000,17303.87001,10094.99157,63.08268,1793.39648,7.90019
1001,17287.76299,11535.82357,101.45757,2836.05747,11.80114
1002,17265.87002,17754.36945,44.95069,623.90008,13.96511
1003,17311.76186,17918.98113,51.40626,506.5625,14.56407
1004,17265.66982,18242.94817,51.71411,763.37387,15.02174
1005,17206.64184,18971.00245,60.01322,1422.59895,14.19689
1006,17187.80308,8469.48696,84.59978,1787.48479,11.37144
1007,17378.41089,10588.65929,87.51491,2721.85315,9.62995
1008,17348.45413,19838.61978,42.04929,255.41582,14.79031
1009,17328.27617,14626.51884,75.53151,1319.34364,11.39925
1010,17388.53724,18633.53068,69.46466,2244.321,8.36907
1011,17522.29694,19485.23952,74.07157,723.42212,19.70339
1012,17472.89697,11581.40366,118.37351,4140.09176,12.69637
1013,17470.39086,12181.98068,70.4842,1648.39973,11.79142
1014,17452.12639,15565.80719,82.17581,1413.16491,17.95485
1015,17445.07814,16254.62263,103.81321,5061.31979,10.92365
1016,17427.54511,16980.77241,79.47315,4643.68552,6.66552
1017,17568.47962,14088.65669,144.81705,9535.66461,9.28318
1018,17512.62723,22172.87695,37.34048,309.70443,10.12526
1019,17509.80906,23521.68365,125.4256,6000.83644,11.93991
1020,17571.00546,9097.10623,39.15307,343.92932,11.62992
1021,17580.29166,10114.01945,65.62815,1058.49077,13.72938
1022,17509.18885,11528.43578,93.17059,2801.27414,11.75629
1023,17598.99962,15038.1423,83.13669,2614.92168,11.11368
1024,17559.535,19548.39123,69.20276,889.61682,12.11812
1025,17562.60146,23632.37628,111.39497,3062.78347,14.33407
1026,17572.94629,9245.82342,48.75585,373.30182,14.50322
1027,17657.47184,15628.15609,106.72207,3383.99657,11.89536
1028,17700.16003,17629.70894,104.00778,3748.19196,10.58205
1029,17726.42835,23027.60267,87.96031,2278.7814,13.01552
1030,17561.09013,23766.65712,84.07051,3315.97488,10.24478
1031,17623.19367,24213.55,45.57866,855.54368,6.38091
1032,17672.56489,13217.82943,97.31225,4650.14985,9.06133
1033,17658.33573,14079.3409,100.55604,2638.11693,15.57032
1034,17682.90741,16592.84178,91.33225,3771.27259,8.72263
1035,17670.82614,19141.81896,58.80378,1193.96145,7.49213
1036,17690.77841,24576.84804,27.21682,228.64359,6.74774
1037,17727.25115,10493.78476,65.49434,1462.62291,8.53844
1038,17694.95192,12229.18916,91.20677,2869.43346,10.0625
1039,17718.81036,13613.13974,88.10342,2725.70985,11.24027
1040,17756.22664,17964.34641,61.81562,1598.9626,9.2978
1041,17762.97118,11014.92056,79.81223,1270.72357,12.57469
1042,17784.64477,12603.81131,39.4301,508.72674,8.55487
1043,17809.23044,15608.32661,111.95798,3962.83454,10.76951
1044,17805.86201,16888.2015,100.55051,3732.13396,7.95861
1045,17798.02521,11423.66103,64.29174,812.34188,13.63352
1046,17835.62175,23033.3085,90.19629,2848.11375,9.34867
1047,17883.48717,14660.22303,84.21226,2146.73707,15.11552
1048,17927.82016,14927.95955,98.53627,4053.90076,11.0913
1049,17872.15709,15704.29372,78.16749,1987.92492,9.76048
1050,18053.8789,17734.3648,263.99484,27746.77921,8.1932
1051,17948.96961,22566.28495,77.52909,1009.44421,12.39722
1052,17885.73217,23340.24819,36.146,477.07342,9.34939
1053,17909.65634,13331.41576,135.16309,4649.97019,10.2613
1054,17952.2736,16301.98732,42.22524,563.62186,8.37818
1055,18030.85669,20126.71742,83.01242,956.74212,14.33113
1056,18040.67973,17732.98696,149.48919,11120.74286,7.02031
1057,18052.55062,18466.55104,88.88458,3284.91521,8.96767
1058,18136.97316,11774.98688,48.93452,561.29125,15.5179
1059,18053.89256,14363.24726,80.15545,2027.35383,12.04207
1060,18105.82471,14994.50093,188.87153,10857.38333,10.55538
1061,18058.53868,16891.55476,72.37393,1546.3548,11.28504
1062,18210.07642,21400.3097,78.5462,914.80126,12.68023
1063,18040.90661,18541.3097,84.51551,2493.17022,11.06421
1064,18178.49781,20273.92814,49.05099,403.77164,13.75496
1065,18228.1528,11267.65173,98.45756,2362.2316,10.80109
1066,18237.77253,11392.13886,95.54673,2271.33673,11.9429
1067,18160.46952,12503.71619,87.90865,1782.64554,13.96993
1068,18170.90384,12674.7737,63.26008,1125.37803,10.88012
1069,18265.7415,19048.37775,97.20392,2858.97624,12.96014
1070,18188.16092,23622.10637,50.38431,607.04343,8.3571
1071,18380.18681,11704.95666,59.33915,748.31443,18.37675
1072,18299.76303,13047.83264,44.91018,591.81411,7.90938
1073,18179.34321,17666.02354,117.03115,7444.93552,10.0472
1074,18324.42943,18132.75319,82.0799,1181.1598,17.6679
1075,18372.95253,13954.91736,78.34978,1673.85967,11.52162
1076,18404.8959,15470.65132,86.76672,2062.03245,12.9307
1077,18317.25944,16109.49931,54.96396,760.31764,12.22507
1078,18319.45464,19559.39884,63.95366,772.81718,11.05137
1079,18366.62144,21593.68452,115.22242,3439.07943,9.82319
1080,18335.22173,13383.5972,52.81634,884.10176,10.53202
1081,18383.30998,17140.90539,62.28241,1587.31262,9.37066
1082,18345.52251,21878.87116,76.39455,1350.82736,10.65426
1083,18378.77221,23205.97747,34.19849,147.75385,12.43547
1084,18377.76049,15000.78419,92.40415,2446.41955,13.01322
1085,18482.58595,19956.42439,50.04316,399.38612,14.32428
1086,18402.78218,21455.13055,120.36314,2833.15939,11.51168
1087,18520.61888,12156.27872,41.38433,357.8876,9.21132
1088,18610.4704,13736.95426,36.02882,267.81195,14.89836
1089,18554.83114,14419.69216,98.0529,4813.28054,8.64333
1090,18527.90568,14759.45841,96.54138,3295.88106,12.28876
1091,18513.63819,15488.22583,81.54671,2667.7144,11.48166
1092,18559.82856,18362.71169,61.17864,1506.92572,6.87306
1093,18645.72226,13063.64633,29.34884,241.28474,11.38216
1094,18582.46028,15344.6638,74.75745,2410.07483,11.28718
1095,18626.34233,16394.40121,90.84013,4237.91142,8.25447
1096,18618.29001,14398.07522,124.05821,5935.75119,9.09157
1097,18623.6997,18819.50835,45.63298,473.07384,13.75331
1098,18635.99604,19183.74707,65.23174,1015.48947,11.87505
1099,18836.88388,13418.20283,38.47338,272.18656,9.20057
1100,18770.95101,15001.07727,101.14874,2493.5793,13.97372
1101,18781.93613,20290.56975,82.57561,651.23439,20.54807
1102,18933.64803,17101.7063,62.16068,741.99658,14.38409
1103,18983.96702,17516.72049,84.91006,1140.93347,16.78594
1104,18970.26177,13911.27759,33.65369,531.3763,8.13963
1105,18970.5086,21202.95133,94.84157,2377.21325,10.01893
1106,19022.95678,15716.88113,39.95811,243.48082,14.12742
1107,18950.99788,17538.37597,86.79966,1152.78705,19.59674
1108,19059.42377,18001.46282,84.28934,2105.14944,10.2038
1109,18957.86029,19056.72784,52.9105,686.46614,13.61679
1110,18981.70421,21377.18107,70.71726,1648.15772,11.94491
1111,19074.89468,19952.26456,98.76633,4374.76785,9.28812
1112,19113.10982,20682.31131,45.97029,439.50959,9.22866
1113,19112.02818,18616.38167,73.83618,1008.44594,14.26308
1114,19230.6888,16102.43003,71.9652,1252.16708,10.52419
1115,19251.16317,14965.58242,58.81664,788.96001,11.36171
1116,19231.87616,16449.40106,58.60009,865.52097,9.93799
1117,19229.79823,15018.6881,64.85329,908.67081,11.48312
1118,19319.81516,17575.31221,92.88048,1576.15877,14.81543
1119,19320.29734,19182.10066,64.20324,865.42108,13.25626
1120,19371.10159,20472.96037,56.98928,531.72762,9.96805
1121,19593.64317,16886.95693,78.78519,1188.17201,14.52493
1122,19579.3726,18425.94287,118.84704,2201.43643,17.87
1123,19554.75826,18394.46049,159.73417,3436.43948,16.82653
1124,19559.87826,17645.4623,80.14139,2017.40572,9.9445
1125,19642.62942,16176.46135,43.99786,407.40758,11.2093
1126,19669.84301,17061.63694,70.26382,1227.46575,10.90738
1127,19588.96011,19668.05887,60.41642,384.42016,16.11628
1128,19786.64735,18042.72841,86.3234,2638.10211,8.18691
1129,19700.44476,18785.09636,41.70603,644.9998,9.25574
1130,19812.54676,19145.04966,44.25895,395.3513,8.02216
1131,19931.00689,17091.31451,39.27166,312.10593,12.20707
